page	title	bu	sub	region	authors	length	in_library
易因	易因	經部	易	中土	李贄	306459	
易緯是類謀	易緯是類謀	經部	易	中土		22603	
陸氏易解	陸氏易解	經部	易	中土	周亮工、姚士麟	17261	
易緯乾元序制記	易緯乾元序制記	經部	易	中土		11151	
周易正義	周易正義	經部	易	中土	孔穎達、王弼、韓康伯	6217	Y
易緯坤靈圖	易緯坤靈圖	經部	易	中土		6132	
易緯辨終備	易緯辨終備	經部	易	中土		5047	
東坡易傳	東坡易傳	經部	易	中土	蘇軾	3471	
易傳	易傳	經部	易	中土		3088	
子夏易傳	子夏易傳	經部	易	中土	卜子夏	2965	
周易參同契	周易參同契	經部	易	中土	魏伯陽	1632	
新本鄭氏周易	新本鄭氏周易	經部	易	中土	惠棟、王應麟、鄭玄	1548	
周易集解 (李鼎祚)	周易集解 (李鼎祚)	經部	易	中土	李鼎祚	534	
經學通論	經學通論	經部	易	中土		275	
談談《詩經》	談談《詩經》	經部	詩	中土	胡適	17018	
談“七月在野”	談“七月在野”	經部	詩	中土	周作人	12573	
菜根譚	菜根譚	經部	蒙學	中土	洪應明	103801	Y
龍文鞭影	龍文鞭影	經部	蒙學	中土		17420	Y
千金譜	千金譜	經部	蒙學	中土		11082	
蒙求	蒙求	經部	蒙學	中土	李瀚	9355	Y
三字經釋句	三字經釋句	經部	蒙學	中土	王應麟	7447	
新刊三字經	新刊三字經	經部	蒙學	中土	王石鵬	7238	
童歌養正	童歌養正	經部	蒙學	中土	彭繼先	6129	
閨訓千字文	閨訓千字文	經部	蒙學	中土	佚名	5573	
三字經 (太平天國)	三字經 (太平天國)	經部	蒙學	中土	洪秀全	5009	
千字文	千字文	經部	蒙學	中土		4942	Y
御製千字詔	御製千字詔	經部	蒙學	中土	洪秀全	4861	
女小兒語	女小兒語	經部	蒙學	中土	呂得勝 呂坤	4398	
小兒語	小兒語	經部	蒙學	中土	呂得勝 呂坤	3553	
真西山教子齋規	真西山教子齋規	經部	蒙學	中土	真德秀	827	
周禮註疏	周禮註疏	經部	註疏	中土	賈公彥、鄭玄	19801	Y
毛詩正義	毛詩正義	經部	註疏	中土	孔穎達、毛亨、鄭玄	14384	Y
禮記正義	禮記正義	經部	註疏	中土	孔穎達、鄭玄	6561	Y
儀禮註疏	儀禮註疏	經部	註疏	中土	賈公彥、鄭玄	4769	Y
尚書正義	尚書正義	經部	註疏	中土	孔安國、孔穎達	4769	Y
春秋穀梁傳註疏	春秋穀梁傳註疏	經部	註疏	中土	楊士勛、范寧	3570	Y
爾雅註疏	爾雅註疏	經部	註疏	中土	邢昺、郭璞	2570	Y
孟子註疏	孟子註疏	經部	註疏	中土	孙奭、趙岐	2118	Y
論語註疏	論語註疏	經部	註疏	中土	何晏、邢昺	721	Y
孝經注䟽	孝經注䟽	經部	註疏	中土	邢昺	432	
孝經註疏	孝經註疏	經部	註疏	中土	李隆基、邢昺	423	Y
爾雅	爾雅	經部	十三經總義	中土		53279	
春秋左傳註疏	春秋左傳註疏	經部	十三經總義	中土		20498	Y
春秋公羊傳註疏	春秋公羊傳註疏	經部	十三經總義	中土		17857	Y
春秋公羊傳	春秋公羊傳	經部	十三經總義	中土	公羊髙	15274	Y
詩經	詩經	經部	十三經總義	中土		13013	Y
觀堂先生別傳	觀堂先生別傳	經部	十三經總義	中土	費行簡	10376	
今文孝經	今文孝經	經部	十三經總義	中土		7902	
周易	周易	經部	十三經總義	中土	周公旦、周文王、孔子	6265	Y
尚書	尚書	經部	十三經總義	中土	司馬遷、孔子、班固	5186	Y
禮記	禮記	經部	十三經總義	中土	戴聖	2705	Y
大戴禮記	大戴禮記	經部	十三經總義	中土	戴德	2388	Y
孟子	孟子	經部	十三經總義	中土	孟子、朱熹、焦循、赵岐	1799	Y
論語	論語	經部	十三經總義	中土	孔子、朱熹	1787	Y
春秋左氏傳	春秋左氏傳	經部	十三經總義	中土		1381	Y
儀禮	儀禮	經部	十三經總義	中土		1158	Y
周禮	周禮	經部	十三經總義	中土		1037	Y
春秋穀梁傳	春秋穀梁傳	經部	十三經總義	中土		709	Y
船山遺書	船山遺書	經部	總義	中土	王夫之	3717	
聖武親征錄校注	聖武親征錄校注	史部	正史	中土		153819	
清史稿	清史稿	史部	正史	中土		73437	
宋史	宋史	史部	正史	中土		68766	Y
冊府元龜	冊府元龜	史部	正史	中土	楊億、王欽若	58294	Y
皇元聖武親征錄	皇元聖武親征錄	史部	正史	中土	佚名	44812	
新唐書	新唐書	史部	正史	中土		33748	Y
新元史	新元史	史部	正史	中土		30255	
高麗史	高麗史	史部	正史	中土	鄭麟趾	17527	
後漢書	後漢書	史部	正史	中土		12732	Y
大明孝陵神功圣德碑	大明孝陵神功圣德碑	史部	正史	中土	朱棣	11047	
大金國志	大金國志	史部	正史	中土	宇文懋昭	10086	
大越史記全書	大越史記全書	史部	正史	中土	吳士連、范公著、黎僖	9079	
契丹國志	契丹國志	史部	正史	中土	葉隆禮	7352	
東都事略	東都事略	史部	正史	中土	王偁	7269	
經史百家雜鈔	經史百家雜鈔	史部	正史	中土		5934	
球陽記事	球陽記事	史部	正史	中土		5568	
唐才子傳	唐才子傳	史部	正史	中土	辛文房	5062	
昭獻梁王傳記	昭獻梁王傳記	史部	正史	中土	陳次升	4828	
朱氏世德碑记	朱氏世德碑记	史部	正史	中土	朱元璋	4064	
遼國紀	遼國紀	史部	正史	中土	程克仁	4028	
大唐新語	大唐新語	史部	正史	中土	劉肅	3337	
中山世譜	中山世譜	史部	正史	中土		2497	
南疆繹史	南疆繹史	史部	正史	中土	李瑤、溫睿臨	2305	
唐六典	唐六典	史部	正史	中土	李林甫	1844	
穆天子傳	穆天子傳	史部	正史	中土	郭璞	1711	
遼略	遼略	史部	正史	中土	林文察	1514	
高麗史節要	高麗史節要	史部	正史	中土	金宗瑞	1397	
靖康稗史	靖康稗史	史部	正史	中土		1287	
大南寔錄	大南寔錄	史部	正史	中土		1117	
諭朵甘烏斯藏等處詔	諭朵甘烏斯藏等處詔	史部	正史	中土	朱元璋	969	
清代琉球纪录集辑	清代琉球纪录集辑	史部	正史	中土		851	
諭朵甘烏斯藏臣民詔	諭朵甘烏斯藏臣民詔	史部	正史	中土	朱元璋	850	
歸藏	歸藏	史部	正史	中土		625	
東國通鑒	東國通鑒	史部	正史	中土	徐居正、鄭孝恆	579	
金小史	金小史	史部	正史	中土	楊循吉	255	
通志	通志	史部	正史	中土	鄭樵		
謝沈後漢書	謝沈後漢書	史部	別史	中土	謝沈	7960	
王隱晉書	王隱晉書	史部	別史	中土	房玄齡、王隱	4828	
張瑩後漢南記	張瑩後漢南記	史部	別史	中土	張瑩	4305	
八家後漢書	八家後漢書	史部	別史	中土		3261	
東觀漢記 (武英殿聚珍本)	東觀漢記 (武英殿聚珍本)	史部	別史	中土	劉珍、吳樹平	2501	
東觀漢記 (四庫全書標點本)	東觀漢記 (四庫全書標點本)	史部	別史	中土	劉珍	2371	
謝靈運晉書	謝靈運晉書	史部	別史	中土	謝靈運	2211	
後梁春秋	後梁春秋	史部	別史	中土		1363	
九家舊晉書	九家舊晉書	史部	別史	中土	湯球	773	
沈約晉書	沈約晉書	史部	別史	中土	沈約	743	
續通志	續通志	史部	別史	中土		597	
汲冢紀年存真	汲冢紀年存真	史部	編年	中土	朱右曾	313760	
古本竹書紀年輯校	古本竹書紀年輯校	史部	編年	中土		78851	
續資治通鑑長編	續資治通鑑長編	史部	編年	中土		38407	
續資治通鑑	續資治通鑑	史部	編年	中土		21383	
繫年	繫年	史部	編年	中土		15809	
今本竹書紀年	今本竹書紀年	史部	編年	中土		10407	
建炎以來繫年要錄	建炎以來繫年要錄	史部	編年	中土	李心傳	9318	
臺灣通史	臺灣通史	史部	編年	中土		5134	
古本竹書紀年	古本竹書紀年	史部	編年	中土		3527	
竹書統箋	竹書統箋	史部	編年	中土		3192	
續資治通鑑長編拾補	續資治通鑑長編拾補	史部	編年	中土		3130	
欽定越史通鑑綱目	欽定越史通鑑綱目	史部	編年	中土		3014	
今本竹書紀年疏證	今本竹書紀年疏證	史部	編年	中土	王國維	2289	
大唐創業起居注	大唐創業起居注	史部	編年	中土	溫大雅	2085	
歷代將鑑博議	歷代將鑑博議	史部	編年	中土	戴溪	1428	
大事記	大事記	史部	編年	中土	呂祖謙	1375	
春秋	春秋	史部	編年	中土		1019	
國朝史撮要	國朝史撮要	史部	編年	中土		911	
汲塚書	汲塚書	史部	編年	中土	佚名	723	
大越史略	大越史略	史部	編年	中土		630	
備邊司謄錄	備邊司謄錄	史部	編年	中土		553	
日省錄	日省錄	史部	編年	中土		468	
與突厥啟	與突厥啟	史部	編年	中土	李淵、溫大雅	183	
古本竹书纪年今存原文	古本竹书纪年今存原文	史部	編年	中土			
資治通鑒 (胡三省音注)	資治通鑒 (胡三省音注)	史部	編年	中土	司馬光、胡三省		
皇宋通鑑長編紀事本末	皇宋通鑑長編紀事本末	史部	紀事本末	中土	楊仲良	12139	
清史紀事本末	清史紀事本末	史部	紀事本末	中土	黃鴻壽	11127	
金史紀事本末	金史紀事本末	史部	紀事本末	中土	李有棠	6287	
宋史紀事本末	宋史紀事本末	史部	紀事本末	中土		6261	
左傳紀事本末	左傳紀事本末	史部	紀事本末	中土	高士奇	4914	
明史紀事本末	明史紀事本末	史部	紀事本末	中土	谷應泰	4715	
清史紀事本末 (民國三年石印本)	清史紀事本末 (民國三年石印本)	史部	紀事本末	中土	黃鴻壽	4043	
元史紀事本末	元史紀事本末	史部	紀事本末	中土	臧懋修、陳邦瞻	3501	
西夏紀事本末	西夏紀事本末	史部	紀事本末	中土	張鑑	2718	
續明紀事本末	續明紀事本末	史部	紀事本末	中土		2309	
遼史紀事本末	遼史紀事本末	史部	紀事本末	中土	李有棠	2300	
三藩紀事本末	三藩紀事本末	史部	紀事本末	中土	楊陸榮	827	
渚宮舊事	渚宮舊事	史部	雜史	中土	余知古	86811	
五代史闕文	五代史闕文	史部	雜史	中土	王禹偁	17828	
革命逸史	革命逸史	史部	雜史	中土		9378	
汲冢瑣語	汲冢瑣語	史部	雜史	中土		8306	
庚申外史	庚申外史	史部	雜史	中土	權衡	1954	
貞觀政要	貞觀政要	史部	雜史	中土	吳兢		Y
十國春秋	十國春秋	史部	載記	中土		26341	
十六國春秋	十六國春秋	史部	載記	中土		1584	
鄭氏世家	鄭氏世家	史部	載記	中土		1520	
越史略	越史略	史部	載記	中土			
越絕書	越絕書	史部	載記	中土	吳平		Y
皇明祖訓	皇明祖訓	史部	政書	中土	朱元璋	39756	
宋會要輯稿	宋會要輯稿	史部	政書	中土		28579	
唐會要	唐會要	史部	政書	中土		10917	Y
五代會要	五代會要	史部	政書	中土		5744	
西漢會要	西漢會要	史部	政書	中土		4290	
明會要	明會要	史部	政書	中土		2019	
三國會要	三國會要	史部	政書	中土		1645	
清朝通志	清朝通志	史部	政書	中土	劉墉、嵇璜	1249	
續通典	續通典	史部	政書	中土		876	
清朝通典	清朝通典	史部	政書	中土	劉墉、嵇璜	742	
春秋會要	春秋會要	史部	政書	中土		124	
宋會要 (刘宋)	宋會要 (刘宋)	史部	政書	中土		123	
晉會要	晉會要	史部	政書	中土		123	
梁會要	梁會要	史部	政書	中土		123	
陳會要	陳會要	史部	政書	中土		123	
齊會要	齊會要	史部	政書	中土		123	
通典	通典	史部	政書	中土	杜佑		Y
郡齋讀書志	郡齋讀書志	史部	目錄	中土	晁公武	5981	Y
直齋書錄解題	直齋書錄解題	史部	目錄	中土	陳振孫	3241	Y
佛國記 (四庫全書本)	佛國記	史部	地理	中土		44607	Y
新增東國輿地勝覽	新增東國輿地勝覽	史部	地理	中土	李荇	22081	
大南一統志 (高春育)	大南一統志 (高春育)	史部	地理	中土	高春育	14237	
荊州記	荊州記	史部	地理	中土	盛弘之	13041	
海國圖志	海國圖志	史部	地理	中土	魏源	10702	
東西洋考	東西洋考	史部	地理	中土	張燮	3229	
東京夢華錄	東京夢華錄	史部	地理	中土	孟元老	3135	Y
諸蕃志	諸蕃志	史部	地理	中土	趙汝适	2944	
東國輿地勝覽	東國輿地勝覽	史部	地理	中土	盧思愼	311	
讀史方輿紀要	讀史方輿紀要	史部	地理	中土	顧祖禹		Y
史記索隱	史記索隱	史部	總類	中土		28512	
史記三家註	史記三家註	史部	總類	中土	司馬貞、司馬遷、張守節、裴駰	28497	Y
嘉慶重修一統志 (四部叢刊本)	嘉慶重修一統志	史部	總類	中土		14720	
漢書	漢書	史部	總類	中土		13412	Y
史記	史記	史部	總類	中土		13308	Y
漢書顏師古註	漢書顏師古註	史部	總類	中土		9297	
罪惟錄 (四部叢刊本)	罪惟錄	史部	總類	中土		4415	
史記正義	史記正義	史部	總類	中土		3686	
五朝名臣言行錄 (四部叢刊本)	五朝名臣言行錄	史部	總類	中土		2309	
註補續漢書八志	註補續漢書八志	史部	總類	中土		1944	
三朝名臣言行錄 (四部叢刊本)	三朝名臣言行錄	史部	總類	中土		1903	
天下郡國利病書 (四部叢刊本)	天下郡國利病書	史部	總類	中土		1744	Y
續漢書	續漢書	史部	總類	中土		1616	
水經注 (四部叢刊本)	水經注	史部	總類	中土		1552	Y
故唐律疏議 (四部叢刊本)	故唐律疏議	史部	總類	中土		1344	
隸釋 (四部叢刊本)	隸釋	史部	總類	中土		1174	
後漢紀 (四部叢刊本)	後漢紀	史部	總類	中土		1163	
前漢紀 (四部叢刊本)	前漢紀	史部	總類	中土		1143	
金石錄 (四部叢刊本)	金石錄	史部	總類	中土		1064	
馬氏南唐書 (四部叢刊本)	馬氏南唐書	史部	總類	中土		1058	
太宗皇帝實錄 (四部叢刊本)	太宗皇帝實錄	史部	總類	中土		1004	
史通 (四部叢刊本)	史通	史部	總類	中土		977	Y
昭德先生郡齋讀書志 (四部叢刊本)	昭德先生郡齋讀書志	史部	總類	中土		895	
陸氏南唐書 (四部叢刊本)	陸氏南唐書	史部	總類	中土		845	
司馬溫公稽古錄 (四部叢刊本)	司馬溫公稽古錄	史部	總類	中土		827	
國語 (四部叢刊本)	國語	史部	總類	中土		807	Y
新唐書糾謬 (四部叢刊本)	新唐書糾謬	史部	總類	中土		743	
華陽國志 (四部叢刊本)	華陽國志	史部	總類	中土		609	Y
元城先生盡言集 (四部叢刊本)	元城先生盡言集	史部	總類	中土		563	
為政忠告 (四部叢刊本)	為政忠告	史部	總類	中土		552	
大唐西域記 (四部叢刊本)	大唐西域記	史部	總類	中土		543	Y
淳化祕閣法帖考正 (四部叢刊本)	淳化祕閣法帖考正	史部	總類	中土		533	
吳越春秋 (四部叢刊本)	吳越春秋	史部	總類	中土		519	Y
戰國策校注 (四部叢刊本)	戰國策校注	史部	總類	中土		513	
孔氏祖庭廣記 (四部叢刊本)	孔氏祖庭廣記	史部	總類	中土		506	
汲塚周書 (四部叢刊本)	汲塚周書	史部	總類	中土		489	
劉向古列女傳 (四部叢刊本)	劉向古列女傳	史部	總類	中土		473	
元朝祕史 (四部叢刊本)	元朝祕史	史部	總類	中土		435	
作邑自箴 (四部叢刊本)	作邑自箴	史部	總類	中土		424	
晏子春秋 (四部叢刊本)	晏子春秋	史部	總類	中土		397	
三輔黃圖 (四部叢刊本)	三輔黃圖	史部	總類	中土		386	Y
洛陽伽藍記 (四部叢刊本)	洛陽伽藍記	史部	總類	中土		364	Y
麟臺故事殘本 (四部叢刊本)	麟臺故事殘本	史部	總類	中土		359	
吳越備史 (四部叢刊本)	吳越備史	史部	總類	中土		345	
明史鈔略 (四部叢刊本)	明史鈔略	史部	總類	中土		296	
漢丞相諸葛忠武侯傳 (四部叢刊本)	漢丞相諸葛忠武侯傳	史部	總類	中土		283	
編年通載 (四部叢刊本)	編年通載	史部	總類	中土		268	
東山國語 (四部叢刊本)	東山國語	史部	總類	中土		265	
弔伐錄 (四部叢刊本)	弔伐錄	史部	總類	中土		232	
竹書紀年 (四部叢刊本)	竹書紀年	史部	總類	中土		212	Y
貞覌政要 (四部叢刊本)	貞覌政要	史部	總類	中土			
資治通鑑 (四部叢刊本)	資治通鑑	史部	總類	中土			Y
資治通鑑外紀 (四部叢刊本)	資治通鑑外紀	史部	總類	中土			Y
資治通鑑考異 (四部叢刊本)	資治通鑑考異	史部	總類	中土			
資治通鑑釋文 (四部叢刊本)	資治通鑑釋文	史部	總類	中土			
越絶書 (四部叢刊本)	越絶書	史部	總類	中土			
通鑑紀事本末 (四部叢刊本)	通鑑紀事本末	史部	總類	中土			
傅子	傅子	子部	儒家	中土	傅玄	96622	
延平答問	延平答問	子部	儒家	中土	朱熹	64180	
朱子讀書法	朱子讀書法	子部	儒家	中土		63097	
童蒙訓	童蒙訓	子部	儒家	中土	呂本中	58579	
楓山語錄	楓山語錄	子部	儒家	中土	章懋	48324	
省心雜言	省心雜言	子部	儒家	中土	李邦獻	34828	
儒言	儒言	子部	儒家	中土	晁說之	27191	
春秋左傳正義	春秋左傳正義	子部	儒家	中土		20009	
素履子	素履子	子部	儒家	中土		17957	
續孟子	續孟子	子部	儒家	中土		17550	
溫氏母訓	溫氏母訓	子部	儒家	中土		15145	
帝範	帝範	子部	儒家	中土	李世民	14364	
大學章句	大學章句	子部	儒家	中土	孔子	7667	
朱子語類	朱子語類	子部	儒家	中土		6494	
禮記註疏	禮記註疏	子部	儒家	中土		5763	
戒子通錄	戒子通錄	子部	儒家	中土	劉清之	5756	
中說	中說	子部	儒家	中土	王通	3867	
說苑	說苑	子部	儒家	中土	劉向	2644	Y
上蔡語錄	上蔡語錄	子部	儒家	中土	曾恬、胡安國	2577	
二程粹言	二程粹言	子部	儒家	中土	楊時	2147	
法言	法言	子部	儒家	中土	揚雄	2079	
中論 (儒家)	中論 (儒家)	子部	儒家	中土	徐幹	2064	
北溪字義	北溪字義	子部	儒家	中土		1940	
六諭衍義	六諭衍義	子部	儒家	中土	范鋐	1397	
家範	家範	子部	儒家	中土	司馬光	1363	
呻吟語摘	呻吟語摘	子部	儒家	中土	呂坤	1236	
袁氏世範	袁氏世範	子部	儒家	中土	袁采	1081	
人譜	人譜	子部	儒家	中土	刘宗周	1012	
曾國藩日記	曾國藩日記	子部	儒家	中土	曾國藩	512	
讀書分年日程	讀書分年日程	子部	儒家	中土	程端禮		
近思錄	近思錄	子部	儒家	中土	呂祖謙、朱熹		
雲笈七籤	雲笈七籤	子部	道家	中土		6591	Y
神仙傳	神仙傳	子部	道家	中土	葛洪	4201	
亢倉子	亢倉子	子部	道家	中土	庚桑楚	3845	
關尹子	關尹子	子部	道家	中土		2238	
文子	文子	子部	道家	中土	文子	2148	
無能子	無能子	子部	道家	中土		1733	
列子	列子	子部	道家	中土	列禦寇	548	Y
陰符經	陰符經	子部	道家	中土	鬼谷子	166	
管子注	管子注	子部	法家	中土		5820	
折獄龜鑑	折獄龜鑑	子部	法家	中土	鄭克	1458	
孫臏兵法	孫臏兵法	子部	兵家	中土		44387	Y
兵法心要	兵法心要	子部	兵家	中土	劉基	35140	
將苑	將苑	子部	兵家	中土	諸葛亮	19617	
范子計然	范子計然	子部	兵家	中土	范蠡	19334	
三略	三略	子部	兵家	中土	黃石公	16214	Y
握奇經	握奇經	子部	兵家	中土	風后	6905	
武經總要	武經總要	子部	兵家	中土	丁度、曾公亮	6001	Y
太白陰經	太白陰經	子部	兵家	中土	李筌	3231	
守城錄	守城錄	子部	兵家	中土		2774	
紀效新書	紀效新書	子部	兵家	中土		2526	Y
虎鈐經	虎鈐經	子部	兵家	中土	許洞	2454	
三十六計	三十六計	子部	兵家	中土		2370	Y
練兵實紀	練兵實紀	子部	兵家	中土		1828	
歷代兵制	歷代兵制	子部	兵家	中土	陳傅良	1321	
尉繚子	尉繚子	子部	兵家	中土	尉繚	1150	
百戰奇略	百戰奇略	子部	兵家	中土	劉基	1121	
唐李問對	唐李問對	子部	兵家	中土	李靖	270	
農書	農書	子部	農家	中土	陳旉		
新修本草	新修本草	子部	醫家	中土	蘇敬	505831	
臨證指南醫案	臨證指南醫案	子部	醫家	中土		296730	
四聖心源	四聖心源	子部	醫家	中土		233406	
傅青主女科	傅青主女科	子部	醫家	中土	傅山	192689	
本草衍義	本草衍義	子部	醫家	中土	寇宗奭	179137	
銀海精微	銀海精微	子部	醫家	中土	孫思邈	174108	
長沙方歌括	長沙方歌括	子部	醫家	中土	陳修園	139365	
傷寒論	傷寒論	子部	醫家	中土	張仲景	131800	Y
食療本草	食療本草	子部	醫家	中土	孟詵	117721	
金匱要略	金匱要略	子部	醫家	中土	張仲景	91010	Y
外臺秘要	外臺秘要	子部	醫家	中土	王燾	86511	
難經	難經	子部	醫家	中土		45831	
海藥本草	海藥本草	子部	醫家	中土	李珣	41900	
吳普本草	吳普本草	子部	醫家	中土	吳普	37615	
婦人壽草	婦人壽草	子部	醫家	中土	香月牛山	37309	
傷寒明理論	傷寒明理論	子部	醫家	中土	成無己	37284	
濕熱條辨	濕熱條辨	子部	醫家	中土	薛雪	28061	
褚氏遺書	褚氏遺書	子部	醫家	中土	褚澄	17040	
本草綱目	本草綱目	子部	醫家	中土	李時珍	15972	Y
鍼灸甲乙經	鍼灸甲乙經	子部	醫家	中土	皇甫謐	11576	
醫學三字經	醫學三字經	子部	醫家	中土	陳修園	10349	
勿藥元詮	勿藥元詮	子部	醫家	中土	汪昂	9710	
針灸甲乙經	針灸甲乙經	子部	醫家	中土	皇甫謐	8495	
寓意草	寓意草	子部	醫家	中土	喻昌	6382	
備急千金要方	備急千金要方	子部	醫家	中土	孫思邈	3689	
奇經八脈考	奇經八脈考	子部	醫家	中土	李時珍	2483	
難經本義	難經本義	子部	醫家	中土	秦越人	2330	
銅人鍼灸經	銅人鍼灸經	子部	醫家	中土		1565	
難經正義	難經正義	子部	醫家	中土	葉霖	1560	
瀕湖脈學	瀕湖脈學	子部	醫家	中土	李時珍	1457	
顱顖經	顱顖經	子部	醫家	中土		1410	
本草圖經	本草圖經	子部	醫家	中土	蘇頌	1181	
醫學源流論	醫學源流論	子部	醫家	中土	徐大椿	1127	
湯頭歌訣	湯頭歌訣	子部	醫家	中土	汪昂	1121	
針灸大成	針灸大成	子部	醫家	中土	楊繼洲	714	
傷寒雜病論	傷寒雜病論	子部	醫家	中土	張仲景	660	
溫病條辨	溫病條辨	子部	醫家	中土	吳瑭	560	
神仙濟世良方	神仙濟世良方	子部	醫家	中土	柏鶴亭	516	
內外傷辨惑論	內外傷辨惑論	子部	醫家	中土	李杲	246	
呂氏春秋注	呂氏春秋注	子部	雜家	中土	髙誘	9435	
顏氏家訓	顏氏家訓	子部	雜家	中土		1918	Y
讀《呂氏春秋》	讀《呂氏春秋》	子部	雜家	中土	胡適		
八面鋒	八面鋒	子部	類書	中土	陳傅良	170556	
太平廣記	太平廣記	子部	類書	中土	李昉	105713	Y
永樂大典	永樂大典	子部	類書	中土	解縉	56300	Y
事實類苑	事實類苑	子部	類書	中土	江少虞	7063	
說畧 (四庫全書本)	說畧	子部	類書	中土		6408	
藝文類聚	藝文類聚	子部	類書	中土	歐陽詢	5868	Y
清稗類鈔	清稗類鈔	子部	類書	中土	徐珂	5241	
欽定古今圖書集成	欽定古今圖書集成	子部	類書	中土	陳夢雷	4467	
初學記	初學記	子部	類書	中土	徐堅	4189	Y
說略	說略	子部	類書	中土	顧起元	2388	
白氏六帖事類集	白氏六帖事類集	子部	類書	中土	白居易	2173	
蜀素帖	蜀素帖	子部	藝術	中土		8106	
太平御覽 (四部叢刊本)	太平御覽	子部	總類	中土		47944	Y
黃帝內經	黃帝內經	子部	總類	中土		5637	
雲笈七籖 (四部叢刊本)	雲笈七籖	子部	總類	中土		4770	
法苑珠林 (四部叢刊本)	法苑珠林	子部	總類	中土		4602	
新序	新序	子部	總類	中土	劉向	3500	Y
抱朴子 (四部叢刊本)	抱朴子	子部	總類	中土		3369	Y
容齋隨筆 (四部叢刊本)	容齋隨筆	子部	總類	中土		2842	Y
廣弘明集 (四部叢刊本)	廣弘明集	子部	總類	中土		2502	
羣書治要 (四部叢刊本)	羣書治要	子部	總類	中土		1830	
重修政和證類本草 (四部叢刊本)	重修政和證類本草	子部	總類	中土		1288	
唐段少卿酉陽雜俎 (四部叢刊本)	唐段少卿酉陽雜俎	子部	總類	中土		1218	
南村輟耕錄 (四部叢刊本)	南村輟耕錄	子部	總類	中土		1203	
景德傳燈錄 (四部叢刊本)	景德傳燈錄	子部	總類	中土		1192	Y
論衡 (四部叢刊本)	論衡	子部	總類	中土		1189	Y
揮麈錄 (四部叢刊本)	揮麈錄	子部	總類	中土		1015	
呂氏春秋 (四部叢刊本)	呂氏春秋	子部	總類	中土		1008	Y
重廣補注黃帝內經素問 (四部叢刊本)	重廣補注黃帝內經素問	子部	總類	中土		1006	
弘明集 (四部叢刊本)	弘明集	子部	總類	中土		994	Y
管子 (四部叢刊本)	管子	子部	總類	中土		941	Y
夢溪筆談 (四部叢刊本)	夢溪筆談	子部	總類	中土		930	Y
荀子 (四部叢刊本)	荀子	子部	總類	中土		820	Y
淮南子 (四部叢刊本)	淮南子	子部	總類	中土		819	Y
困學記聞 (四部叢刊本)	困學記聞	子部	總類	中土		803	Y
韓非子 (四部叢刊本)	韓非子	子部	總類	中土		793	Y
説苑 (四部叢刊本)	説苑	子部	總類	中土		780	
山海經 (四部叢刊本)	山海經	子部	總類	中土		763	Y
焦氏易林 (四部叢刊本)	焦氏易林	子部	總類	中土		639	
墨子 (四部叢刊本)	墨子	子部	總類	中土		617	Y
注解傷寒論 (四部叢刊本)	注解傷寒論	子部	總類	中土		613	
揚子法言 (四部叢刊本)	揚子法言	子部	總類	中土		604	Y
愧郯錄 (四部叢刊本)	愧郯錄	子部	總類	中土		593	
太玄經 (四部叢刊本)	太玄經	子部	總類	中土		575	Y
黃帝素問靈樞經 (四部叢刊本)	黃帝素問靈樞經	子部	總類	中土		557	
孫子集注 (四部叢刊本)	孫子集注	子部	總類	中土		554	Y
桯史 (四部叢刊本)	桯史	子部	總類	中土		553	
丞相魏公譚訓 (四部叢刊本)	丞相魏公譚訓	子部	總類	中土		545	
南華真經 (四部叢刊本)	南華真經	子部	總類	中土		542	Y
墨荘漫錄 (四部叢刊本)	墨荘漫錄	子部	總類	中土		539	
九章算術 (四部叢刊本)	九章算術	子部	總類	中土		526	Y
清波雜志 (四部叢刊本)	清波雜志	子部	總類	中土		518	
意林 (四部叢刊本)	意林	子部	總類	中土		513	Y
新書 (四部叢刊本)	新書	子部	總類	中土		503	Y
齊民要術 (四部叢刊本)	齊民要術	子部	總類	中土		493	Y
風俗通義 (四部叢刊本)	風俗通義	子部	總類	中土		486	
王氏脈經 (四部叢刊本)	王氏脈經	子部	總類	中土		484	
孔子家語 (四部叢刊本)	孔子家語	子部	總類	中土		480	Y
世説新語 (四部叢刊本)	世説新語	子部	總類	中土		478	Y
文中子中説 (四部叢刊本)	文中子中説	子部	總類	中土		476	Y
白虎通德論 (四部叢刊本)	白虎通德論	子部	總類	中土		469	
鹽鐵論 (四部叢刊本)	鹽鐵論	子部	總類	中土		457	Y
潛夫論 (四部叢刊本)	潛夫論	子部	總類	中土		452	Y
孔叢子 (四部叢刊本)	孔叢子	子部	總類	中土		441	
沖虛至德真經 (四部叢刊本)	沖虛至德真經	子部	總類	中土		432	Y
新雕洞靈真經 (四部叢刊本)	新雕洞靈真經	子部	總類	中土		430	
雲仙雜記 (四部叢刊本)	雲仙雜記	子部	總類	中土		429	
白鹿洞書院學規	白鹿洞書院學規	子部	總類	中土	朱熹	428	
龜山先生語錄 (四部叢刊本)	龜山先生語錄	子部	總類	中土		427	
括異志 (四部叢刊本)	括異志	子部	總類	中土		415	
圖畫攷 (四部叢刊本)	圖畫攷	子部	總類	中土		408	
野菜博錄 (四部叢刊本)	野菜博錄	子部	總類	中土		406	
慎子 (四部叢刊本)	慎子	子部	總類	中土		395	Y
圖畫見聞誌 (四部叢刊本)	圖畫見聞誌	子部	總類	中土		378	
難經集註 (四部叢刊本)	難經集註	子部	總類	中土		377	
西京雜記 (四部叢刊本)	西京雜記	子部	總類	中土		366	Y
程氏家塾讀書分年日程 (四部叢刊本)	程氏家塾讀書分年日程	子部	總類	中土		357	
申鑒 (四部叢刊本)	申鑒	子部	總類	中土		351	
周髀算經 (四部叢刊本)	周髀算經	子部	總類	中土		347	Y
人物志 (四部叢刊本)	人物志	子部	總類	中土		344	Y
張子語錄 (四部叢刊本)	張子語錄	子部	總類	中土		342	
六韜 (四部叢刊本)	六韜	子部	總類	中土		336	Y
翻譯名義集 (四部叢刊本)	翻譯名義集	子部	總類	中土		332	
法書攷 (四部叢刊本)	法書攷	子部	總類	中土		331	
雲谿友議 (四部叢刊本)	雲谿友議	子部	總類	中土		330	
金匱要略方論 (四部叢刊本)	金匱要略方論	子部	總類	中土		329	
飲膳正要 (四部叢刊本)	飲膳正要	子部	總類	中土		322	
文始真經 (四部叢刊本)	文始真經	子部	總類	中土		318	
獨斷 (四部叢刊本)	獨斷	子部	總類	中土		310	
續幽怪錄 (四部叢刊本)	續幽怪錄	子部	總類	中土		310	
古今註 (四部叢刊本)	古今註	子部	總類	中土		304	
棠陰比事 (四部叢刊本)	棠陰比事	子部	總類	中土		301	
徐幹中論 (四部叢刊本)	徐幹中論	子部	總類	中土		287	
潛虛 (四部叢刊本)	潛虛	子部	總類	中土		287	
商子 (四部叢刊本)	商子	子部	總類	中土		284	Y
老子道德經 (四部叢刊本)	老子道德經	子部	總類	中土		276	
顔氏家訓 (四部叢刊本)	顔氏家訓	子部	總類	中土		250	
鶡冠子 (四部叢刊本)	鶡冠子	子部	總類	中土		246	
小字錄 (四部叢刊本)	小字錄	子部	總類	中土		244	
司馬法 (四部叢刊本)	司馬法	子部	總類	中土		235	Y
新語 (四部叢刊本)	新語	子部	總類	中土		217	
鬼谷子 (四部叢刊本)	鬼谷子	子部	總類	中土		217	Y
吳子 (四部叢刊本)	吳子	子部	總類	中土		209	Y
尹文子 (四部叢刊本)	尹文子	子部	總類	中土		188	Y
鄧析子 (四部叢刊本)	鄧析子	子部	總類	中土		176	Y
通玄真經 (四部叢刊本)	通玄真經	子部	總類	中土			
朱舜水之海天鴻爪	朱舜水之海天鴻爪	集部	別集	中土	李大釗	14711	
文豪	文豪	集部	別集	中土	李大釗	7616	
大哀篇	大哀篇	集部	別集	中土	李大釗	6025	
暗殺與群德	暗殺與群德	集部	別集	中土	李大釗	3642	
林和靖集	林和靖集	集部	別集	中土	林逋	1225	
中谿家傳彙稿	中谿家傳彙稿	集部	別集	中土	李元陽	1206	
更名龜年小啟	更名龜年小啟	集部	別集	中土	李大釗	794	
江華府志卷上	江華府志卷上	集部	別集	中土			
古文辭類纂	古文辭類纂	集部	總集	中土		29172	Y
昭明文選	昭明文選	集部	總集	中土	李善、蕭統	19933	
古文觀止	古文觀止	集部	總集	中土	吳楚材、吳調侯	16136	Y
上范司諫書	上范司諫書	集部	總集	中土	歐陽修	11990	
古文評註	古文評註	集部	總集	中土		10143	
浮山記	浮山記	集部	總集	中土	劉大櫆	8508	
獄中上梁王書	獄中上梁王書	集部	總集	中土	鄒陽	8163	
高祖論	高祖論	集部	總集	中土	蘇洵	8059	
蘇氏族譜亭記	蘇氏族譜亭記	集部	總集	中土	蘇洵	7388	
答蘇武書	答蘇武書	集部	總集	中土	李陵	7277	
前赤壁賦	前赤壁賦	集部	總集	中土	曹操、蘇軾	7270	
秦士錄	秦士錄	集部	總集	中土	宋濂	7082	
醉吟先生傳	醉吟先生傳	集部	總集	中土	白居易	6888	
管晏列傳	管晏列傳	集部	總集	中土		6073	
諫逐客書	諫逐客書	集部	總集	中土	李斯	6065	
省費用策	省費用策	集部	總集	中土	蘇軾	5946	
留侯論 (蘇軾)	留侯論 (蘇軾)	集部	總集	中土	蘇軾	5715	
郁離子	郁離子	集部	總集	中土	劉基	5225	
瀧岡阡表	瀧岡阡表	集部	總集	中土	歐陽修	5104	
本朝百年無事劄子	本朝百年無事劄子	集部	總集	中土	王安石	4569	
信陵君救趙論	信陵君救趙論	集部	總集	中土	唐順之	4414	
蘭亭集序	蘭亭集序	集部	總集	中土	王羲之、蘇軾、顏真卿	4369	
爭臣論	爭臣論	集部	總集	中土	韓愈	4267	
答許廷慎書	答許廷慎書	集部	總集	中土	方孝孺	4247	
六國論 (蘇洵)	六國論 (蘇洵)	集部	總集	中土	蘇洵	4199	
親政篇	親政篇	集部	總集	中土	王鏊	4046	
尊經閣記	尊經閣記	集部	總集	中土	王守仁	4020	
潮州韓文公廟碑	潮州韓文公廟碑	集部	總集	中土	蘇軾	4010	
張益州畫像記	張益州畫像記	集部	總集	中土	蘇洵	3753	
峴山亭記	峴山亭記	集部	總集	中土	歐陽修	3579	
陶徵士誄	陶徵士誄	集部	總集	中土	顏延之	3553	
六朝文絜	六朝文絜	集部	總集	中土	許槤	3542	
觸龍說趙太后	觸龍說趙太后	集部	總集	中土		3503	
却聘書	却聘書	集部	總集	中土	謝枋得	3500	
報孫會宗書	報孫會宗書	集部	總集	中土	楊惲	3442	
後十九日復上書	後十九日復上書	集部	總集	中土	韓愈	3243	
鄭伯克段于鄢	鄭伯克段于鄢	集部	總集	中土	左丘明	3193	
後廿九日復上宰相書	後廿九日復上宰相書	集部	總集	中土	韓愈	3192	
寄歐陽舍人書	寄歐陽舍人書	集部	總集	中土	曾鞏	3162	
息爭	息爭	集部	總集	中土	劉大櫆	3148	
正氣歌	正氣歌	集部	總集	中土	文天祥	3124	
玉臺新詠序	玉臺新詠序	集部	總集	中土	徐陵	3118	
五人墓碑記	五人墓碑記	集部	總集	中土	張溥	3033	
瘞旅文	瘞旅文	集部	總集	中土	王守仁	3012	
戰國策 (士禮居叢書本)	戰國策 (士禮居叢書本)	集部	總集	中土		2987	
徐文長傳	徐文長傳	集部	總集	中土	袁宏道	2918	
單子知陳必亡	單子知陳必亡	集部	總集	中土		2885	
呂相絕秦	呂相絕秦	集部	總集	中土		2877	
弔古戰場文	弔古戰場文	集部	總集	中土	李華	2870	
後出師表	後出師表	集部	總集	中土	諸葛亮	2866	
范增論	范增論	集部	總集	中土	蘇軾	2856	
愛蓮說	愛蓮說	集部	總集	中土	周敦頤	2850	
小園賦	小園賦	集部	總集	中土	庾信	2835	
六國論 (蘇轍)	六國論 (蘇轍)	集部	總集	中土	蘇轍	2818	
管仲論 (蘇洵)	管仲論 (蘇洵)	集部	總集	中土	蘇洵	2781	
青霞先生文集序	青霞先生文集序	集部	總集	中土		2644	
登大雷岸與妹書	登大雷岸與妹書	集部	總集	中土	鮑照	2620	
北山移文	北山移文	集部	總集	中土		2618	
遊褒禪山記	遊褒禪山記	集部	總集	中土	王安石	2600	
閱江樓記	閱江樓記	集部	總集	中土	宋濂	2582	
宋孝武宣貴妃誄	宋孝武宣貴妃誄	集部	總集	中土		2505	
三槐堂銘	三槐堂銘	集部	總集	中土	蘇軾	2494	
後赤壁賦	後赤壁賦	集部	總集	中土	蘇軾	2486	
季札觀周樂	季札觀周樂	集部	總集	中土		2441	
上梅直講書	上梅直講書	集部	總集	中土	蘇軾	2435	
子革對靈王	子革對靈王	集部	總集	中土		2435	
放鶴亭記	放鶴亭記	集部	總集	中土	蘇軾	2396	
上書諫吳王	上書諫吳王	集部	總集	中土	枚乘	2366	
與韓荊州書	與韓荊州書	集部	總集	中土	李白	2358	
鼂錯論	鼂錯論	集部	總集	中土		2299	
石鐘山記	石鐘山記	集部	總集	中土	蘇軾	2272	
子產壞晉館垣	子產壞晉館垣	集部	總集	中土		2253	
梅聖俞詩集序	梅聖俞詩集序	集部	總集	中土	歐陽修	2224	
展禽論祀爰居	展禽論祀爰居	集部	總集	中土		2219	
季梁諫追楚師	季梁諫追楚師	集部	總集	中土		2215	
方山子傳	方山子傳	集部	總集	中土	蘇軾	2215	
報劉一丈書	報劉一丈書	集部	總集	中土	宗臣	2209	
待漏院記	待漏院記	集部	總集	中土	王禹偁	2169	
誡兄子嚴敦書	誡兄子嚴敦書	集部	總集	中土	馬援	2163	
深慮論	深慮論	集部	總集	中土	方孝孺	2153	
復讎解	復讎解	集部	總集	中土	王安石	2148	
靈谷詩序	靈谷詩序	集部	總集	中土		2143	
黃州快哉亭記	黃州快哉亭記	集部	總集	中土		2126	
古文觀止原序	古文觀止原序	集部	總集	中土	吳楚材、吳調侯	2121	
祭公諫征犬戎	祭公諫征犬戎	集部	總集	中土		2117	
相州晝錦堂記	相州晝錦堂記	集部	總集	中土	歐陽修	2116	
醉翁亭記	醉翁亭記	集部	總集	中土	歐陽脩	2114	
釋祕演詩集序	釋祕演詩集序	集部	總集	中土	歐陽修	2108	
乞校正陸贄奏議上進劄子	乞校正陸贄奏議上進劄子	集部	總集	中土	蘇軾	2081	
凌虛臺記	凌虛臺記	集部	總集	中土	蘇軾	2025	
竇祠記	竇祠記	集部	總集	中土	劉大櫆	2014	
泰州海陵縣主簿許君墓誌銘	泰州海陵縣主簿許君墓誌銘	集部	總集	中土	王安石	1996	
與于襄陽書	與于襄陽書	集部	總集	中土		1981	
與陽休之書	與陽休之書	集部	總集	中土	祖鴻勳	1937	
箕子碑	箕子碑	集部	總集	中土	柳宗元	1921	
諫太宗十思疏	諫太宗十思疏	集部	總集	中土	魏徵	1915	
敬姜論勞逸	敬姜論勞逸	集部	總集	中土		1882	
袁州州學記	袁州州學記	集部	總集	中土	李覯	1843	
岳陽樓記	岳陽樓記	集部	總集	中土	范仲淹	1840	
諸稽郢行成於吳	諸稽郢行成於吳	集部	總集	中土		1827	
鄭莊公戒飭守臣	鄭莊公戒飭守臣	集部	總集	中土	左丘明	1807	
宋人及楚人平	宋人及楚人平	集部	總集	中土		1782	
論語辯	論語辯	集部	總集	中土	柳宗元	1758	
吳山圖記	吳山圖記	集部	總集	中土	歸有光	1754	
匏隱居記	匏隱居記	集部	總集	中土	沈思倫	1730	
吳子使札來聘	吳子使札來聘	集部	總集	中土		1723	
喜雨亭記	喜雨亭記	集部	總集	中土	蘇軾	1717	
題元祐黨碑	題元祐黨碑	集部	總集	中土		1705	
五代史伶官傳序	五代史伶官傳序	集部	總集	中土	歐陽修	1694	
書洛陽名園記後	書洛陽名園記後	集部	總集	中土	李格非	1657	
五代史宦者傳論	五代史宦者傳論	集部	總集	中土	歐陽修	1648	
齊國佐不辱命	齊國佐不辱命	集部	總集	中土		1642	
虞師晉師滅夏陽	虞師晉師滅夏陽	集部	總集	中土		1633	
鄭子家告趙宣子	鄭子家告趙宣子	集部	總集	中土		1593	
族譜引	族譜引	集部	總集	中土	蘇洵	1576	
祁奚請免叔向	祁奚請免叔向	集部	總集	中土		1555	
黃岡竹樓記	黃岡竹樓記	集部	總集	中土		1519	
子產論尹何為邑	子產論尹何為邑	集部	總集	中土		1511	
同學一首別子固	同學一首別子固	集部	總集	中土	王安石	1499	
滄浪亭記 (歸有光)	滄浪亭記 (歸有光)	集部	總集	中土	歸有光	1485	
襄王不許請隧	襄王不許請隧	集部	總集	中土		1479	
駒支不屈於晉	駒支不屈於晉	集部	總集	中土		1465	
與詹事江總書	與詹事江總書	集部	總集	中土	陳叔寶	1444	
臧哀伯諫納郜鼎	臧哀伯諫納郜鼎	集部	總集	中土		1442	
元詩紀事	元詩紀事	集部	總集	中土	陳衍	1424	
燭之武退秦師	燭之武退秦師	集部	總集	中土		1424	
宮之奇諫假道	宮之奇諫假道	集部	總集	中土		1416	
光武帝臨淄勞耿弇	光武帝臨淄勞耿弇	集部	總集	中土		1399	
王孫圉論楚寶	王孫圉論楚寶	集部	總集	中土		1388	
春賦 (庾信)	春賦 (庾信)	集部	總集	中土	庾信	1383	
石碏諫寵州吁	石碏諫寵州吁	集部	總集	中土	左丘明	1364	
復王少保書	復王少保書	集部	總集	中土	周宏讓	1360	
吳許越成	吳許越成	集部	總集	中土		1357	
齊桓公伐楚盟屈完	齊桓公伐楚盟屈完	集部	總集	中土		1336	
楚歸晉知罃	楚歸晉知罃	集部	總集	中土		1302	
孔子世家贊	孔子世家贊	集部	總集	中土	司馬遷	1298	
周鄭交質	周鄭交質	集部	總集	中土	左丘明	1297	
景帝令二千石修職詔	景帝令二千石修職詔	集部	總集	中土		1292	
爲蕭拜太尉楊州牧表	爲蕭拜太尉楊州牧表	集部	總集	中土	江淹	1261	
文帝議佐百姓詔	文帝議佐百姓詔	集部	總集	中土	漢文帝	1258	
原過 (王安石)	原過 (王安石)	集部	總集	中土	王安石	1252	
游凌雲圖記	游凌雲圖記	集部	總集	中土	劉大櫆	1250	
子魚論戰	子魚論戰	集部	總集	中土		1243	
召王貞書	召王貞書	集部	總集	中土	楊暕	1231	
叔向賀貧	叔向賀貧	集部	總集	中土		1228	
祭顏光祿文	祭顏光祿文	集部	總集	中土	王僧達	1224	
申胥諫許越成	申胥諫許越成	集部	總集	中土		1210	
子產論政寬猛	子產論政寬猛	集部	總集	中土		1189	
鏡賦	鏡賦	集部	總集	中土	庾信	1188	
召公諫厲王止謗	召公諫厲王止謗	集部	總集	中土		1187	
曹劌論戰	曹劌論戰	集部	總集	中土		1184	
雜說四	雜說四	集部	總集	中土	韓愈	1134	
與周弘讓書	與周弘讓書	集部	總集	中土		1133	
相官寺碑	相官寺碑	集部	總集	中土	蕭綱	1129	
臧僖伯諫觀魚	臧僖伯諫觀魚	集部	總集	中土		1113	
子產告范宣子輕幣	子產告范宣子輕幣	集部	總集	中土		1108	
子產卻楚逆女以兵	子產卻楚逆女以兵	集部	總集	中土		1099	
六朝文絜原序	六朝文絜原序	集部	總集	中土	許槤	1097	
介之推不言祿	介之推不言祿	集部	總集	中土		1064	
謝明皇帝賜絲布等啟	謝明皇帝賜絲布等啟	集部	總集	中土	庾信	1059	
桐廬郡嚴先生祠堂記	桐廬郡嚴先生祠堂記	集部	總集	中土	范仲淹	1047	
展喜犒師	展喜犒師	集部	總集	中土		1036	
石帆銘	石帆銘	集部	總集	中土	鮑照	1027	
與宋元思書	與宋元思書	集部	總集	中土		1026	
祭夫徐敬業文	祭夫徐敬業文	集部	總集	中土	劉令嫻	1013	
陰飴甥對秦伯	陰飴甥對秦伯	集部	總集	中土		1012	
寺人披見文公	寺人披見文公	集部	總集	中土		999	
高帝求賢詔	高帝求賢詔	集部	總集	中土	劉邦	983	
里革斷罟匡君	里革斷罟匡君	集部	總集	中土		953	
雜說一	雜說一	集部	總集	中土	韓愈	939	
爲武帝與謝朏敕	爲武帝與謝朏敕	集部	總集	中土	沈約	935	
晏子不死君難	晏子不死君難	集部	總集	中土		931	
爲宋公至洛陽謁五陵表	爲宋公至洛陽謁五陵表	集部	總集	中土	傅亮	929	
蕩婦秋思賦	蕩婦秋思賦	集部	總集	中土	蕭繹	919	
春王正月	春王正月	集部	總集	中土		915	
祭屈原文	祭屈原文	集部	總集	中土	顏延之	908	
經通天臺奏漢武帝表	經通天臺奏漢武帝表	集部	總集	中土		908	
爲王寬與婦義安主書	爲王寬與婦義安主書	集部	總集	中土	伏知道	904	
王孫滿對楚子	王孫滿對楚子	集部	總集	中土		896	
燈賦 (庾信)	燈賦 (庾信)	集部	總集	中土	庾信	872	
對燭賦	對燭賦	集部	總集	中土	庾信	800	
與蕭臨川書	與蕭臨川書	集部	總集	中土	蕭綱	793	
諫院題名記	諫院題名記	集部	總集	中土	司馬光	788	
采蓮賦 (蕭繹)	采蓮賦 (蕭繹)	集部	總集	中土	蕭繹	783	
爲卞彬謝修卞忠貞墓啟	爲卞彬謝修卞忠貞墓啟	集部	總集	中土	任昉	779	
祭史秉中文	祭史秉中文	集部	總集	中土	劉大櫆	749	
謝趙王賚絲布啟	謝趙王賚絲布啟	集部	總集	中土	庾信	734	
爲衡山侯與婦書	爲衡山侯與婦書	集部	總集	中土	何遜	726	
與趙王倫薦戴淵疏	與趙王倫薦戴淵疏	集部	總集	中土	陸機	723	
答羣下勸進初令	答羣下勸進初令	集部	總集	中土	蕭繹	711	
建平王聘隱逸教	建平王聘隱逸教	集部	總集	中土	江淹	701	
麗人賦	麗人賦	集部	總集	中土	沈約	701	
北使還與永豐侯書	北使還與永豐侯書	集部	總集	中土	劉孝儀	696	
永明九年策秀才問	永明九年策秀才問	集部	總集	中土	王融	673	
與劉孝綽書	與劉孝綽書	集部	總集	中土		671	
鄭衆論	鄭衆論	集部	總集	中土	蕭繹	668	
齊桓下拜受胙	齊桓下拜受胙	集部	總集	中土		665	
爲蕭驃騎謝被侍中慰勞表	爲蕭驃騎謝被侍中慰勞表	集部	總集	中土	江淹	647	
祭吳文肅公文	祭吳文肅公文	集部	總集	中土	劉大櫆	641	
答新渝侯和詩書	答新渝侯和詩書	集部	總集	中土	蕭綱	611	
謝趙王賚白羅袍袴啟	謝趙王賚白羅袍袴啟	集部	總集	中土	庾信	601	
祭舅氏文	祭舅氏文	集部	總集	中土	劉大櫆	597	
與臧燾敕	與臧燾敕	集部	總集	中土	劉裕	593	
飛白書勢銘	飛白書勢銘	集部	總集	中土	鮑照	591	
武帝求茂材異等詔	武帝求茂材異等詔	集部	總集	中土		590	
與太子論彭城王詔	與太子論彭城王詔	集部	總集	中土		588	
爲樑上黃侯世子與婦書	爲樑上黃侯世子與婦書	集部	總集	中土	庾信	586	
爲陳六宮謝表	爲陳六宮謝表	集部	總集	中土	江總	582	
與湘東王論王規令	與湘東王論王規令	集部	總集	中土	蕭綱	546	
永嘉郡教	永嘉郡教	集部	總集	中土	丘遲	541	
藥奩銘	藥奩銘	集部	總集	中土	鮑照	541	
與顧章書	與顧章書	集部	總集	中土	吳均	537	
禁浮華詔	禁浮華詔	集部	總集	中土	高洋	532	
過秦論	過秦論	集部	總集	中土	賈誼	503	
梁東宮行雨山銘	梁東宮行雨山銘	集部	總集	中土	庾信	476	
答謝中書書	答謝中書書	集部	總集	中土	陶弘景	470	
陋室銘	陋室銘	集部	總集	中土	劉禹錫	465	
敕條制禁奢靡詔	敕條制禁奢靡詔	集部	總集	中土	蕭賾	463	
舉賢詔 (元宏)	舉賢詔 (元宏)	集部	總集	中土	元宏	453	
團扇銘	團扇銘	集部	總集	中土		448	
至仁山銘	至仁山銘	集部	總集	中土		423	
謝騰王賚馬啟	謝騰王賚馬啟	集部	總集	中土	庾信	405	
謝東宮賚內人春衣啟	謝東宮賚內人春衣啟	集部	總集	中土	庾肩吾	348	
謝始興王賜花紈簟啟	謝始興王賜花紈簟啟	集部	總集	中土	劉孝儀	324	
穀梁傳	穀梁傳	集部	總集	中土		29	
讀儀禮	讀儀禮	集部	總集	中土	韓愈		
讀孟嘗君傳	讀孟嘗君傳	集部	總集	中土	王安石		
豐樂亭記	豐樂亭記	集部	總集	中土	歐陽修		
象祠記	象祠記	集部	總集	中土	王守仁		
豫讓論	豫讓論	集部	總集	中土	方孝孺		
賈誼論	賈誼論	集部	總集	中土	蘇軾		
贈黎安二生序	贈黎安二生序	集部	總集	中土	曾鞏		
超然臺記	超然臺記	集部	總集	中土	蘇軾		
路溫舒尚德緩刑書	路溫舒尚德緩刑書	集部	總集	中土	路溫舒		
蹇叔哭師	蹇叔哭師	集部	總集	中土			
辨姦論	辨姦論	集部	總集	中土	蘇洵		
辭隨王子隆牋	辭隨王子隆牋	集部	總集	中土	謝朓		
辯列子	辯列子	集部	總集	中土	柳宗元		
辯文子	辯文子	集部	總集	中土	柳宗元		
辯晏子春秋	辯晏子春秋	集部	總集	中土	司馬遷、柳宗元		
辯鬼谷子	辯鬼谷子	集部	總集	中土	柳宗元		
辯鶡冠子	辯鶡冠子	集部	總集	中土	柳宗元		
追答劉秣陵沼書	追答劉秣陵沼書	集部	總集	中土	劉峻		
送楊寘序	送楊寘序	集部	總集	中土	歐陽修		
送橘啟	送橘啟	集部	總集	中土	劉峻		
送陳庭學序	送陳庭學序	集部	總集	中土	宋濂		
薩都剌集	薩都剌集	集部	詩	中土	薩都剌	60840	
全唐詩	全唐詩	集部	詩	中土		44812	Y
玉臺新詠	玉臺新詠	集部	詩	中土		30098	Y
人境廬詩草	人境廬詩草	集部	詩	中土	黃遵憲	13634	
唐詩三百首	唐詩三百首	集部	詩	中土	孫洙、徐兰英	13435	Y
狂雲集	狂雲集	集部	詩	中土	一休宗純	6379	
吟嘯集	吟嘯集	集部	詩	中土	文天祥	6154	
列朝詩集	列朝詩集	集部	詩	中土	錢謙益	3195	
唐女郎魚玄機詩	唐女郎魚玄機詩	集部	詩	中土	魚玄機	2999	
宣宗皇帝御製詩	宣宗皇帝御製詩	集部	詩	中土	朱瞻基	2022	
御製恭和避暑山莊詩	御製恭和避暑山莊詩	集部	詩	中土	乾隆帝、康熙帝	571	
李于田詩集	李于田詩集	集部	詩	中土	李化龍	562	
黃山詩留	黃山詩留	集部	詩	中土		555	
千家詩	千家詩	集部	詩	中土		443	Y
古微堂詩集	古微堂詩集	集部	詩	中土	魏源	437	
金粟山房詩鈔	金粟山房詩鈔	集部	詩	中土	朱寯瀛	427	
後村先生大全集 (四部叢刊本)	後村先生大全集	集部	總類	中土		8398	
歐陽文忠公文集 (四部叢刊本)	歐陽文忠公文集	集部	總類	中土		8081	
皇朝文鑑 (四部叢刊本)	皇朝文鑑	集部	總類	中土		6165	
宛陵先生集 (四部叢刊本)	宛陵先生集	集部	總類	中土		5239	
誠齋集 (四部叢刊本)	誠齋集	集部	總類	中土		5237	
晦庵先生朱文公文集 (四部叢刊本)	晦庵先生朱文公文集	集部	總類	中土		4857	
鮚埼亭集 (四部叢刊本)	鮚埼亭集	集部	總類	中土		4468	
牧齋初學集 (四部叢刊本)	牧齋初學集	集部	總類	中土		4337	
唐文粹 (四部叢刊本)	唐文粹	集部	總類	中土		4323	
攻媿集 (四部叢刊本)	攻媿集	集部	總類	中土		4273	
鶴山先生大全文集 (四部叢刊本)	鶴山先生大全文集	集部	總類	中土		4140	
敬業堂詩集 (四部叢刊本)	敬業堂詩集	集部	總類	中土		3914	
臨川先生文集 (四部叢刊本)	臨川先生文集	集部	總類	中土		3899	
秋澗先生大全文集 (四部叢刊本)	秋澗先生大全文集	集部	總類	中土		3849	
樂府詩集 (四部叢刊本)	樂府詩集	集部	總類	中土		3822	Y
皇明文衡 (四部叢刊本)	皇明文衡	集部	總類	中土		3807	
曝書亭集 (四部叢刊本)	曝書亭集	集部	總類	中土		3677	
增修詩話總龜 (四部叢刊本)	增修詩話總龜	集部	總類	中土		3619	
洪北江詩文集 (四部叢刊本)	洪北江詩文集	集部	總類	中土		3560	
欒城集 (四部叢刊本)	欒城集	集部	總類	中土		3515	
盤洲文集 (四部叢刊本)	盤洲文集	集部	總類	中土		3144	
溫國文正司馬公文集 (四部叢刊本)	溫國文正司馬公文集	集部	總類	中土		3112	
宋學士文集 (四部叢刊本)	宋學士文集	集部	總類	中土		3102	
唐詩紀事 (四部叢刊本)	唐詩紀事	集部	總類	中土		3083	
梅溪王先生文集 (四部叢刊本)	梅溪王先生文集	集部	總類	中土		3007	
匏翁家藏集 (四部叢刊本)	匏翁家藏集	集部	總類	中土		2969	
濳研堂文集 (四部叢刊本)	濳研堂文集	集部	總類	中土	錢大昕	2817	
白氏長慶集 (四部叢刊本)	白氏長慶集	集部	總類	中土		2769	Y
國朝文類 (四部叢刊本)	國朝文類	集部	總類	中土		2685	
雞肋集 (四部叢刊本)	雞肋集	集部	總類	中土		2676	
梅村家藏槁 (四部叢刊本)	梅村家藏槁	集部	總類	中土		2598	
揅經室集 (四部叢刊本)	揅經室集	集部	總類	中土		2409	
六臣註文選 (四部叢刊本)	六臣註文選	集部	總類	中土		2406	Y
元氏長慶集 (四部叢刊本)	元氏長慶集	集部	總類	中土		2363	
經進東坡文集事略 (四部叢刊本)	經進東坡文集事略	集部	總類	中土		2333	
張右史文集 (四部叢刊本)	張右史文集	集部	總類	中土		2282	
范文正公集 (四部叢刊本)	范文正公集	集部	總類	中土		2187	
沈氏三先生文集 (四部叢刊本)	沈氏三先生文集	集部	總類	中土		2146	
止齋先生文集 (四部叢刊本)	止齋先生文集	集部	總類	中土		2119	
權載之文集 (四部叢刊本)	權載之文集	集部	總類	中土		2104	
朱文公校昌黎先生文集 (四部叢刊本)	朱文公校昌黎先生文集	集部	總類	中土		2091	
眉山唐先生文集 (四部叢刊本)	眉山唐先生文集	集部	總類	中土		2067	
牧齋有學集 (四部叢刊本)	牧齋有學集	集部	總類	中土		2033	
西山先生眞文忠公文集 (四部叢刊本)	西山先生眞文忠公文集	集部	總類	中土		2023	
淮海集 (四部叢刊本)	淮海集	集部	總類	中土		2000	
樊榭山房集 (四部叢刊本)	樊榭山房集	集部	總類	中土		1987	
南豐先生元豐類槁 (四部叢刊本)	南豐先生元豐類槁	集部	總類	中土		1958	
渭南文集 (四部叢刊本)	渭南文集	集部	總類	中土		1943	
淸容居士集 (四部叢刊本)	淸容居士集	集部	總類	中土		1932	
增廣註釋音辯唐柳先生集 (四部叢刊本)	增廣註釋音辯唐柳先生集	集部	總類	中土		1920	
道園學古錄 (四部叢刊本)	道園學古錄	集部	總類	中土		1917	
堯峰文鈔 (四部叢刊本)	堯峰文鈔	集部	總類	中土		1881	
滹南遺老集 (四部叢刊本)	滹南遺老集	集部	總類	中土		1794	
丹淵集 (四部叢刊本)	丹淵集	集部	總類	中土		1784	
震川先生集 (四部叢刊本)	震川先生集	集部	總類	中土		1730	
直講李先生文集 (四部叢刊本)	直講李先生文集	集部	總類	中土		1723	
金蕐黃先生文集 (四部叢刊本)	金蕐黃先生文集	集部	總類	中土		1722	
遺山先生文集 (四部叢刊本)	遺山先生文集	集部	總類	中土		1644	
劉夢得文集 (四部叢刊本)	劉夢得文集	集部	總類	中土		1638	
清江貝先生集 (四部叢刊本)	清江貝先生集	集部	總類	中土		1631	
王文成公全書 (四部叢刊本)	王文成公全書	集部	總類	中土		1617	
于湖居士文集 (四部叢刊本)	于湖居士文集	集部	總類	中土		1590	
夷白齋稿 (四部叢刊本)	夷白齋稿	集部	總類	中土		1576	
華陽集 (四部叢刊本)	華陽集	集部	總類	中土		1563	
方望溪先生全集 (四部叢刊本)	方望溪先生全集	集部	總類	中土		1489	
茗齋集 (四部叢刊本)	茗齋集	集部	總類	中土		1473	
分類補註李太白詩 (四部叢刊本)	分類補註李太白詩	集部	總類	中土		1469	
陽明先生集要 (四部叢刊本)	陽明先生集要	集部	總類	中土		1462	
牧庵集 (四部叢刊本)	牧庵集	集部	總類	中土		1456	
抱經堂文集 (四部叢刊本)	抱經堂文集	集部	總類	中土		1446	
李文饒文集 (四部叢刊本)	李文饒文集	集部	總類	中土		1359	
石湖居士詩集 (四部叢刊本)	石湖居士詩集	集部	總類	中土		1358	
北山小集 (四部叢刊本)	北山小集	集部	總類	中土		1346	
梅亭先生四六標准 (四部叢刊本)	梅亭先生四六標准	集部	總類	中土		1322	
增廣箋註簡齋詩集 (四部叢刊本)	增廣箋註簡齋詩集	集部	總類	中土		1321	
九靈山房集 (四部叢刊本)	九靈山房集	集部	總類	中土		1312	
南雷集 (四部叢刊本)	南雷集	集部	總類	中土		1300	
東維子文集 (四部叢刊本)	東維子文集	集部	總類	中土		1294	
小畜集 (四部叢刊本)	小畜集	集部	總類	中土		1279	
薑齋詩文集 (四部叢刊本)	薑齋詩文集	集部	總類	中土		1268	
浮溪集 (四部叢刊本)	浮溪集	集部	總類	中土		1254	
徐公文集 (四部叢刊本)	徐公文集	集部	總類	中土		1240	
雍熙樂府 (四部叢刊本)	雍熙樂府	集部	總類	中土		1240	
河南先生文集 (四部叢刊本)	河南先生文集	集部	總類	中土		1236	
剡源戴先生文集 (四部叢刊本)	剡源戴先生文集	集部	總類	中土		1187	
水心先生文集 (四部叢刊本)	水心先生文集	集部	總類	中土		1179	
平齋文集 (四部叢刊本)	平齋文集	集部	總類	中土		1170	
石門文字禪 (四部叢刊本)	石門文字禪	集部	總類	中土		1166	
分門集註杜工部詩 (四部叢刊本)	分門集註杜工部詩	集部	總類	中土		1164	
孫淵如詩文集 (四部叢刊本)	孫淵如詩文集	集部	總類	中土		1149	
集註分類東坡先生詩 (四部叢刊本)	集註分類東坡先生詩	集部	總類	中土		1141	
精選陸放翁詩集 (四部叢刊本)	精選陸放翁詩集	集部	總類	中土		1061	
張說之文集 (四部叢刊本)	張說之文集	集部	總類	中土		1038	
居易堂集 (四部叢刊本)	居易堂集	集部	總類	中土		1002	
遜志齋集 (四部叢刊本)	遜志齋集	集部	總類	中土		1002	
禪月集 (四部叢刊本)	禪月集	集部	總類	中土		973	
范香溪先生文集 (四部叢刊本)	范香溪先生文集	集部	總類	中土		971	
惜抱軒詩文集 (四部叢刊本)	惜抱軒詩文集	集部	總類	中土		959	
鐔津文集 (四部叢刊本)	鐔津文集	集部	總類	中土		952	
顔魯公文集 (四部叢刊本)	顔魯公文集	集部	總類	中土		937	
龜巢稿 (四部叢刊本)	龜巢稿	集部	總類	中土		910	
荊川先生文集 (四部叢刊本)	荊川先生文集	集部	總類	中土		902	
默堂先生文集 (四部叢刊本)	默堂先生文集	集部	總類	中土		897	
柳待制文集 (四部叢刊本)	柳待制文集	集部	總類	中土		880	
伊川擊壤集 (四部叢刊本)	伊川擊壤集	集部	總類	中土		879	
古文苑 (四部叢刊本)	古文苑	集部	總類	中土		877	
唐甫里先生文集 (四部叢刊本)	唐甫里先生文集	集部	總類	中土		876	
玉臺新詠集 (四部叢刊本)	玉臺新詠集	集部	總類	中土		876	
唐陸宣公翰苑集 (四部叢刊本)	唐陸宣公翰苑集	集部	總類	中土		874	
閑閑老人滏水文集 (四部叢刊本)	閑閑老人滏水文集	集部	總類	中土		871	
靜修先生文集 (四部叢刊本)	靜修先生文集	集部	總類	中土		866	
樊川文集 (四部叢刊本)	樊川文集	集部	總類	中土		862	
誠意伯劉文成公文集 (四部叢刊本)	誠意伯劉文成公文集	集部	總類	中土		847	
唐丞相曲江張先生文集 (四部叢刊本)	唐丞相曲江張先生文集	集部	總類	中土		845	
毘陵集 (四部叢刊本)	毘陵集	集部	總類	中土		845	
文山先生全集 (四部叢刊本)	文山先生全集	集部	總類	中土		839	
皇元風雅 (四部叢刊本)	皇元風雅	集部	總類	中土		815	
桂苑筆耕集 (四部叢刊本)	桂苑筆耕集	集部	總類	中土		790	
李文公集 (四部叢刊本)	李文公集	集部	總類	中土		760	
蘇學士文集 (四部叢刊本)	蘇學士文集	集部	總類	中土		747	
髙太史大全集 (四部叢刊本)	髙太史大全集	集部	總類	中土		735	
定盦文集 (四部叢刊本)	定盦文集	集部	總類	中土		731	
嵩山文集 (四部叢刊本)	嵩山文集	集部	總類	中土		728	
東萊先生詩集 (四部叢刊本)	東萊先生詩集	集部	總類	中土		713	
楚辭 (四部叢刊本)	楚辭	集部	總類	中土		700	Y
王子安集 (四部叢刊本)	王子安集	集部	總類	中土		699	
蘇平仲文集 (四部叢刊本)	蘇平仲文集	集部	總類	中土		694	
圭齋文集 (四部叢刊本)	圭齋文集	集部	總類	中土		685	
庾子山集 (四部叢刊本)	庾子山集	集部	總類	中土		679	
密菴稿 (四部叢刊本)	密菴稿	集部	總類	中土		665	
廣成集 (四部叢刊本)	廣成集	集部	總類	中土		662	
河東先生集 (四部叢刊本)	河東先生集	集部	總類	中土		658	
亭林詩文集 (四部叢刊本)	亭林詩文集	集部	總類	中土		649	
揭文安公全集 (四部叢刊本)	揭文安公全集	集部	總類	中土		639	
淵頴吳先生文集 (四部叢刊本)	淵頴吳先生文集	集部	總類	中土		638	
大雲山房文稿 (四部叢刊本)	大雲山房文稿	集部	總類	中土		637	
嘉祐集 (四部叢刊本)	嘉祐集	集部	總類	中土		633	
湛然居士文集 (四部叢刊本)	湛然居士文集	集部	總類	中土		633	
茗柯文 (四部叢刊本)	茗柯文	集部	總類	中土		628	
白石道人詩集 (四部叢刊本)	白石道人詩集	集部	總類	中土		625	
參寥子詩集 (四部叢刊本)	參寥子詩集	集部	總類	中土		619	
疊山集 (四部叢刊本)	疊山集	集部	總類	中土		614	
戴東原集 (四部叢刊本)	戴東原集	集部	總類	中土		609	
后山詩註 (四部叢刊本)	后山詩註	集部	總類	中土		598	
吾汶稿 (四部叢刊本)	吾汶稿	集部	總類	中土		597	
徐公釣磯文集 (四部叢刊本)	徐公釣磯文集	集部	總類	中土		581	
山谷外集詩註 (四部叢刊本)	山谷外集詩註	集部	總類	中土		577	
花間集 (四部叢刊本)	花間集	集部	總類	中土		576	Y
韋齋集 (四部叢刊本)	韋齋集	集部	總類	中土		576	
翠微南征錄 (四部叢刊本)	翠微南征錄	集部	總類	中土		568	
吳騷合編 (四部叢刊本)	吳騷合編	集部	總類	中土		561	
眉菴集 (四部叢刊本)	眉菴集	集部	總類	中土		561	
陳伯玉文集 (四部叢刊本)	陳伯玉文集	集部	總類	中土		559	
唐元次山文集 (四部叢刊本)	唐元次山文集	集部	總類	中土		551	
箋註陶淵明集 (四部叢刊本)	箋註陶淵明集	集部	總類	中土		546	
沈忠敏公龜谿集 (四部叢刊本)	沈忠敏公龜谿集	集部	總類	中土		545	
沈下賢文集 (四部叢刊本)	沈下賢文集	集部	總類	中土		542	
梁江文通文集 (四部叢刊本)	梁江文通文集	集部	總類	中土		535	
先天集 (四部叢刊本)	先天集	集部	總類	中土		532	
北郭集 (四部叢刊本)	北郭集	集部	總類	中土		532	
松雪齋文集 (四部叢刊本)	松雪齋文集	集部	總類	中土		531	
蔡中郎文集 (四部叢刊本)	蔡中郎文集	集部	總類	中土		530	
欒城應詔集 (四部叢刊本)	欒城應詔集	集部	總類	中土		528	
劉隨州文集 (四部叢刊本)	劉隨州文集	集部	總類	中土		527	
唐呂和叔文集 (四部叢刊本)	唐呂和叔文集	集部	總類	中土		522	
曾文正公詩文集 (四部叢刊本)	曾文正公詩文集	集部	總類	中土		522	
鄭菊山先生淸雋集 (四部叢刊本)	鄭菊山先生淸雋集	集部	總類	中土		521	
鐵崖先生古樂府 (四部叢刊本)	鐵崖先生古樂府	集部	總類	中土		517	
孟東野詩集 (四部叢刊本)	孟東野詩集	集部	總類	中土		507	
白蓮集 (四部叢刊本)	白蓮集	集部	總類	中土		507	
歐陽行周文集 (四部叢刊本)	歐陽行周文集	集部	總類	中土		504	
唐孫樵集 (四部叢刊本)	唐孫樵集	集部	總類	中土		501	
徐孝穆文集 (四部叢刊本)	徐孝穆文集	集部	總類	中土		501	
韋江州集 (四部叢刊本)	韋江州集	集部	總類	中土		501	
楊盈川集 (四部叢刊本)	楊盈川集	集部	總類	中土		498	
甲乙集 (四部叢刊本)	甲乙集	集部	總類	中土		493	
李羣玉詩集 (四部叢刊本)	李羣玉詩集	集部	總類	中土		491	
陳迦陵儷體文集 (四部叢刊本)	陳迦陵儷體文集	集部	總類	中土		490	
浣花集 (四部叢刊本)	浣花集	集部	總類	中土		487	
司空表聖文集 (四部叢刊本)	司空表聖文集	集部	總類	中土		484	
皮子文藪 (四部叢刊本)	皮子文藪	集部	總類	中土		484	
姚少監詩集 (四部叢刊本)	姚少監詩集	集部	總類	中土		478	
駱賓王文集 (四部叢刊本)	駱賓王文集	集部	總類	中土		475	
白沙子 (四部叢刊本)	白沙子	集部	總類	中土		474	
文心雕龍 (四部叢刊本)	文心雕龍	集部	總類	中土		472	Y
唐賈浪仙長江集 (四部叢刊本)	唐賈浪仙長江集	集部	總類	中土		470	
鮚埼亭詩集 (四部叢刊本)	鮚埼亭詩集	集部	總類	中土		470	
才調集 (四部叢刊本)	才調集	集部	總類	中土		469	
翰苑英華中州集 (四部叢刊本)	翰苑英華中州集	集部	總類	中土		465	
曹子建集 (四部叢刊本)	曹子建集	集部	總類	中土		464	
陸士衡文集 (四部叢刊本)	陸士衡文集	集部	總類	中土		464	
朝野新聲太平樂府 (四部叢刊本)	朝野新聲太平樂府	集部	總類	中土		462	
漁洋山人精蕐錄 (四部叢刊本)	漁洋山人精蕐錄	集部	總類	中土		462	
嵇中散集 (四部叢刊本)	嵇中散集	集部	總類	中土		461	
皎然集 (四部叢刊本)	皎然集	集部	總類	中土		461	
鮑氏集 (四部叢刊本)	鮑氏集	集部	總類	中土		461	
中興以來絶妙詞選 (四部叢刊本)	中興以來絶妙詞選	集部	總類	中土		460	
唐皇甫冉詩集 (四部叢刊本)	唐皇甫冉詩集	集部	總類	中土		458	
唐黃御使公集 (四部叢刊本)	唐黃御使公集	集部	總類	中土		458	
李賀歌詩編 (四部叢刊本)	李賀歌詩編	集部	總類	中土		456	
陸士龍文集 (四部叢刊本)	陸士龍文集	集部	總類	中土		456	
石屏詩集 (四部叢刊本)	石屏詩集	集部	總類	中土		453	
翰林楊仲弘詩集 (四部叢刊本)	翰林楊仲弘詩集	集部	總類	中土		450	
存復齋文集 (四部叢刊本)	存復齋文集	集部	總類	中土		445	
蚓竅集 (四部叢刊本)	蚓竅集	集部	總類	中土		443	
錢考功集 (四部叢刊本)	錢考功集	集部	總類	中土		441	
湖海樓詩集 (四部叢刊本)	湖海樓詩集	集部	總類	中土		438	
蟻術詩選 (四部叢刊本)	蟻術詩選	集部	總類	中土		437	
唐宋諸賢絶妙詞選 (四部叢刊本)	唐宋諸賢絶妙詞選	集部	總類	中土		433	
倪雲林詩集 (四部叢刊本)	倪雲林詩集	集部	總類	中土		432	
唐張司業詩集 (四部叢刊本)	唐張司業詩集	集部	總類	中土		432	
幽憂子集 (四部叢刊本)	幽憂子集	集部	總類	中土		432	
髙太史鳧藻集 (四部叢刊本)	髙太史鳧藻集	集部	總類	中土		418	
河汾諸老詩集 (四部叢刊本)	河汾諸老詩集	集部	總類	中土		413	
唐皇甫曾詩集 (四部叢刊本)	唐皇甫曾詩集	集部	總類	中土		412	
小畜外集殘七卷 (四部叢刊本)	小畜外集殘七卷	集部	總類	中土		407	
青陽先生文集 (四部叢刊本)	青陽先生文集	集部	總類	中土		404	
高常侍集 (四部叢刊本)	高常侍集	集部	總類	中土		404	
溫庭筠詩集 (四部叢刊本)	溫庭筠詩集	集部	總類	中土		401	
范德機詩集 (四部叢刊本)	范德機詩集	集部	總類	中土		401	
陳迦陵文集 (四部叢刊本)	陳迦陵文集	集部	總類	中土		397	
靜居集 (四部叢刊本)	靜居集	集部	總類	中土		396	
唐劉蛻集 (四部叢刊本)	唐劉蛻集	集部	總類	中土		394	
岑嘉州集 (四部叢刊本)	岑嘉州集	集部	總類	中土		391	
容甫先生遺詩 (四部叢刊本)	容甫先生遺詩	集部	總類	中土		386	
張光弼詩集 (四部叢刊本)	張光弼詩集	集部	總類	中土		381	
須溪先生校本唐王右丞集 (四部叢刊本)	須溪先生校本唐王右丞集	集部	總類	中土		381	
莆陽黃仲元四如先生文稿 (四部叢刊本)	莆陽黃仲元四如先生文稿	集部	總類	中土		380	
梁昭明太子文集 (四部叢刊本)	梁昭明太子文集	集部	總類	中土		379	
唐李推官披沙集 (四部叢刊本)	唐李推官披沙集	集部	總類	中土		377	
李義山詩集 (四部叢刊本)	李義山詩集	集部	總類	中土		370	
皇甫持正文集 (四部叢刊本)	皇甫持正文集	集部	總類	中土		363	
鐵雅先生復古詩集 (四部叢刊本)	鐵雅先生復古詩集	集部	總類	中土		363	
河南穆公集 (四部叢刊本)	河南穆公集	集部	總類	中土		358	
山谷琴趣外篇 (四部叢刊本)	山谷琴趣外篇	集部	總類	中土		357	
雪竇四集 (四部叢刊本)	雪竇四集	集部	總類	中土		356	
林和靖先生詩集 (四部叢刊本)	林和靖先生詩集	集部	總類	中土		352	
東臯子集 (四部叢刊本)	東臯子集	集部	總類	中土		349	
句曲外史貞居先生詩集 (四部叢刊本)	句曲外史貞居先生詩集	集部	總類	中土		346	
增修箋註妙選草堂詩餘 (四部叢刊本)	增修箋註妙選草堂詩餘	集部	總類	中土		346	
河嶽英靈集 (四部叢刊本)	河嶽英靈集	集部	總類	中土		344	
蟻術詞選 (四部叢刊本)	蟻術詞選	集部	總類	中土		344	
許白雲文集 (四部叢刊本)	許白雲文集	集部	總類	中土		344	
鄭守愚文集 (四部叢刊本)	鄭守愚文集	集部	總類	中土		344	
蕭冰厓詩集拾遺 (四部叢刊本)	蕭冰厓詩集拾遺	集部	總類	中土		338	
新彫注胡曾詠史詩 (四部叢刊本)	新彫注胡曾詠史詩	集部	總類	中土		336	
忠愍公詩集 (四部叢刊本)	忠愍公詩集	集部	總類	中土		335	
朱慶餘詩集 (四部叢刊本)	朱慶餘詩集	集部	總類	中土		334	
謝宣城詩集 (四部叢刊本)	謝宣城詩集	集部	總類	中土		334	
中興間氣集 (四部叢刊本)	中興間氣集	集部	總類	中土		332	
司空表聖詩集 (四部叢刊本)	司空表聖詩集	集部	總類	中土		329	
樂府雅詞 (四部叢刊本)	樂府雅詞	集部	總類	中土		327	
李義山文集 (四部叢刊本)	李義山文集	集部	總類	中土		326	
頤堂先生文集 (四部叢刊本)	頤堂先生文集	集部	總類	中土		325	
竇氏聯珠集 (四部叢刊本)	竇氏聯珠集	集部	總類	中土		323	
玉川子詩集 (四部叢刊本)	玉川子詩集	集部	總類	中土		320	
張蛻菴詩集 (四部叢刊本)	張蛻菴詩集	集部	總類	中土		318	
李丞相詩集 (四部叢刊本)	李丞相詩集	集部	總類	中土		316	
梨嶽詩集 (四部叢刊本)	梨嶽詩集	集部	總類	中土		313	
虛齋樂府 (四部叢刊本)	虛齋樂府	集部	總類	中土		304	
孟浩然集 (四部叢刊本)	孟浩然集	集部	總類	中土		299	
碧雲集 (四部叢刊本)	碧雲集	集部	總類	中土		298	
丁卯集 (四部叢刊本)	丁卯集	集部	總類	中土		294	
宋之問集 (四部叢刊本)	宋之問集	集部	總類	中土		293	
梨園按試樂府新聲 (四部叢刊本)	梨園按試樂府新聲	集部	總類	中土		292	
周賀詩集 (四部叢刊本)	周賀詩集	集部	總類	中土		285	
寒山子詩集 (四部叢刊本)	寒山子詩集	集部	總類	中土		280	
簡齋詩外集 (四部叢刊本)	簡齋詩外集	集部	總類	中土		259	
西崑詶唱集 (四部叢刊本)	西崑詶唱集	集部	總類	中土		258	
薩天鍚詩集 (四部叢刊本)	薩天鍚詩集	集部	總類	中土		251	
國秀集 (四部叢刊本)	國秀集	集部	總類	中土		246	
玉山樵人集 (四部叢刊本)	玉山樵人集	集部	總類	中土		242	
亭林餘集 (四部叢刊本)	亭林餘集	集部	總類	中土		235	
谷音 (四部叢刊本)	谷音	集部	總類	中土			
象山先生全集 (四部叢刊本)	象山先生全集	集部	總類	中土			
豫章黃先生文集 (四部叢刊本)	豫章黃先生文集	集部	總類	中土			
迦陵詞全集 (四部叢刊本)	迦陵詞全集	集部	總類	中土			
述學 (四部叢刊本)	述學	集部	總類	中土			
世醫得效方	世醫得效方	叢部	四庫全書	中土	危亦林	952361	
外科理例	外科理例	叢部	四庫全書	中土	汪機	403759	
今獻備遺	今獻備遺	叢部	四庫全書	中土	項篤壽	396719	
醫說	醫說	叢部	四庫全書	中土	張杲	360170	
濟生方	濟生方	叢部	四庫全書	中土	嚴用和	249234	
博濟方	博濟方	叢部	四庫全書	中土	王衮	207340	
傷寒總病論	傷寒總病論	叢部	四庫全書	中土	龐安時	205121	
草閣集	草閣集	叢部	四庫全書	中土	宋濂、朱彝尊、李昱	151912	
蘭室秘藏	蘭室秘藏	叢部	四庫全書	中土	李杲	144022	
麈史	麈史	叢部	四庫全書	中土	王得臣	129598	
外科精義	外科精義	叢部	四庫全書	中土	齊德之	110882	
瑞竹堂經驗方	瑞竹堂經驗方	叢部	四庫全書	中土	沙圖穆蘇	108117	
此事難知	此事難知	叢部	四庫全書	中土	王好古	95340	
御製題絜齋毛詩經筵講義	御製題絜齋毛詩經筵講義	叢部	四庫全書	中土	袁燮	70922	
欽定勝朝殉節諸臣錄	欽定勝朝殉節諸臣錄	叢部	四庫全書	中土	舒赫德、于敏中、彭元珫等人	65950	
對床夜語	對床夜語	叢部	四庫全書	中土	范晞文	60291	
楓窗小牘	楓窗小牘	叢部	四庫全書	中土	佚名、徐鉉	55751	
御覽詩	御覽詩	叢部	四庫全書	中土	令狐楚	47858	
娛書堂詩話	娛書堂詩話	叢部	四庫全書	中土	趙與虤	46092	
全生指迷方	全生指迷方	叢部	四庫全書	中土	宋毅叔、王貺	45016	
吳地記	吳地記	叢部	四庫全書	中土	陸廣微	42642	
日錄	日錄	叢部	四庫全書	中土	吴與弼	38536	
林外野言	林外野言	叢部	四庫全書	中土	郭翼	36412	
日損齋筆記	日損齋筆記	叢部	四庫全書	中土	黃潛	35686	
孔子弟子考	孔子弟子考	叢部	四庫全書	中土	朱彝尊	26755	
廣羣芳譜	廣羣芳譜	叢部	四庫全書	中土	張逸少、汪瀧、汪灝、王象晉、黃龍睂	23381	
婦人大全良方	婦人大全良方	叢部	四庫全書	中土	陳自明	18647	
景岳全書	景岳全書	叢部	四庫全書	中土	張介賓、梁寬、許衡	16224	
欽定大清會典則例	欽定大清會典則例	叢部	四庫全書	中土		16191	
繹史	繹史	叢部	四庫全書	中土		15380	
四庫全書總目提要	四庫全書總目提要	叢部	四庫全書	中土		9141	
乾坤鑿度	乾坤鑿度	叢部	四庫全書	中土		9124	
稽古錄	稽古錄	叢部	四庫全書	中土	司馬光	8367	
明儒學案	明儒學案	叢部	四庫全書	中土	黃宗羲	8317	Y
皇極經世	皇極經世	叢部	四庫全書	中土	邵雍	4572	
北夢瑣言	北夢瑣言	叢部	四庫全書	中土	孫光憲	4560	
孔子編年	孔子編年	叢部	四庫全書	中土	胡仔	4457	
宣和奉使高麗圖經	宣和奉使高麗圖經	叢部	四庫全書	中土	徐兢	4119	
青囊序	青囊序	叢部	四庫全書	中土		3681	
幾何原本	幾何原本	叢部	四庫全書	中土	偉烈亞力、利瑪竇、徐光啓、李善蘭、歐幾里得	3640	Y
搜神記 (四庫全書本)	搜神記	叢部	四庫全書	中土		3542	Y
李義山詩集注	李義山詩集注	叢部	四庫全書	中土	朱鶴齡	3327	
五曹算經	五曹算經	叢部	四庫全書	中土		3027	
夢粱錄	夢粱錄	叢部	四庫全書	中土	吳自牧	2485	Y
涉史隨筆	涉史隨筆	叢部	四庫全書	中土	葛洪	2394	
請旨益師疏	請旨益師疏	叢部	四庫全書	中土	劉鶚	2361	
西漢年紀	西漢年紀	叢部	四庫全書	中土	王益之	2311	
安南志畧	安南志畧	叢部	四庫全書	中土		2056	
三因極一病證方論	三因極一病證方論	叢部	四庫全書	中土	陳言	1967	
廣博物志	廣博物志	叢部	四庫全書	中土	張華、董斯張	1939	
異域錄	異域錄	叢部	四庫全書	中土	阿顏覺羅·圖理琛	1840	
別號錄	別號錄	叢部	四庫全書	中土	葛萬里	1750	
李太白文集	李太白文集	叢部	四庫全書	中土	李白	1734	Y
棗林雜俎	棗林雜俎	叢部	四庫全書	中土	談遷	1678	
兩漢筆記	兩漢筆記	叢部	四庫全書	中土	錢時	1612	
春秋王霸列國世紀編	春秋王霸列國世紀編	叢部	四庫全書	中土	李琪	1454	
廣雅	廣雅	叢部	四庫全書	中土	張揖	1430	
易小傳	易小傳	叢部	四庫全書	中土	沈該	1385	
春秋左傳事類始末	春秋左傳事類始末	叢部	四庫全書	中土	章沖	1366	
宋稗類鈔	宋稗類鈔	叢部	四庫全書	中土	李宗孔、潘永因	1320	
榕村語錄	榕村語錄	叢部	四庫全書	中土	李光地	1317	
證類本草	證類本草	叢部	四庫全書	中土	唐慎微	1298	
春秋臣傳	春秋臣傳	叢部	四庫全書	中土	王當	1269	
脾胃論	脾胃論	叢部	四庫全書	中土		1218	
絜齋集	絜齋集	叢部	四庫全書	中土		1215	
唐鑑	唐鑑	叢部	四庫全書	中土	范祖禹	1183	
四庫全書簡明目錄	四庫全書簡明目錄	叢部	四庫全書	中土	永瑢、紀昀	1020	
靜夜思	靜夜思	叢部	四庫全書	中土		1015	
斐然集	斐然集	叢部	四庫全書	中土	胡寅	950	
春秋別典	春秋別典	叢部	四庫全書	中土	薛虞畿	665	
精衛詞	精衛詞	叢部	四庫全書	中土		549	
欽定大清一統志	欽定大清一統志	叢部	四庫全書	中土	和珅	502	
惟實集	惟實集	叢部	四庫全書	中土	劉鶚	435	
甕牗閒評	甕牗閒評	叢部	四庫全書	中土	袁文	394	
元經	元經	叢部	四庫全書	中土	王通	392	
春秋左氏傳事類始末	春秋左氏傳事類始末	叢部	四庫全書	中土	章沖	376	
欽定古今儲貳金鑑	欽定古今儲貳金鑑	叢部	四庫全書	中土		372	
蘭亭考	蘭亭考	叢部	四庫全書	中土	桑世昌	335	
朝鮮志	朝鮮志	叢部	四庫全書	中土		270	
疑獄集	疑獄集	叢部	四庫全書	中土	和凝	198	
事物紀原	事物紀原	叢部	四庫全書	中土	高承	175	
會稽志	會稽志	叢部	四庫全書	中土	施宿	138	
御定歷代賦彙外集	御定歷代賦彙外集	叢部	四庫全書	中土		136	
欽定歷代職官表	欽定歷代職官表	叢部	四庫全書	中土		130	
識遺	識遺	叢部	四庫全書	中土	羅璧		
讀書後	讀書後	叢部	四庫全書	中土	王世貞		
象臺首末	象臺首末	叢部	四庫全書	中土	胡知柔		
路史	路史	叢部	四庫全書	中土	羅泌		
大正新脩大藏經	大正新脩大藏經	史部	域外·日本	域外	高楠順次郎	185626	
文鏡秘府論	文鏡秘府論	史部	域外·日本	域外	空海	184752	
臺灣割據志	臺灣割據志	史部	域外·日本	域外		160851	
臺灣鄭氏紀事	臺灣鄭氏紀事	史部	域外·日本	域外		135625	
大日本史	大日本史	史部	域外·日本	域外	德川光圀	76541	
大日本野史	大日本野史	史部	域外·日本	域外	飯田忠彥	48131	
唐大和上東征傳	唐大和上東征傳	史部	域外·日本	域外	淡海三船	34776	
七十二候名花詩評	七十二候名花詩評	史部	域外·日本	域外	山本渓愚	24397	
古語拾遺	古語拾遺	史部	域外·日本	域外	齋部廣成	20617	
本朝文粹	本朝文粹	史部	域外·日本	域外	藤原明衡	19642	
續史愚抄	續史愚抄	史部	域外·日本	域外		12225	
諏訪信重解状	諏訪信重解状	史部	域外·日本	域外	諏訪信重	11222	
本朝通鑑	本朝通鑑	史部	域外·日本	域外	林忠、林恕	10038	
大日本編年史	大日本編年史	史部	域外·日本	域外	久米邦武、星野恒、重野安繹	6942	
百錬抄	百錬抄	史部	域外·日本	域外		6854	
鐵炮記	鐵炮記	史部	域外·日本	域外	南浦文之	6825	
古風土記	古風土記	史部	域外·日本	域外		4017	
吾妻鏡	吾妻鏡	史部	域外·日本	域外		3630	
延喜式	延喜式	史部	域外·日本	域外	藤原忠平、藤原時平	3573	
孝子十五郎傳	孝子十五郎傳	史部	域外·日本	域外	林榴岡	3211	
怡顏齋蘭品	怡顏齋蘭品	史部	域外·日本	域外	松岡恕庵	2599	
日本外史	日本外史	史部	域外·日本	域外	賴山陽	2521	
漢城條約	漢城條約	史部	域外·日本	域外		2010	
烈祖成績	烈祖成績	史部	域外·日本	域外	安積澹泊	1860	
古事記	古事記	史部	域外·日本	域外	太安萬侶、稗田阿禮	1542	
日清韓三國千字文	日清韓三國千字文	史部	域外·日本	域外	周興嗣、荒浪平治郎	1448	
實隆公記	實隆公記	史部	域外·日本	域外	三条西実隆	1356	
三王外記	三王外記	史部	域外·日本	域外	東武野史訊洋子	984	
官話急就篇	官話急就篇	史部	域外·日本	域外		444	
滿清史略	滿清史略	史部	域外·日本	域外	增田貢	333	
征韓偉略	征韓偉略	史部	域外·日本	域外	川口長孺	307	
忠烈公遺稿	忠烈公遺稿	史部	域外·朝鮮	域外	吳達濟	151623	
息庵先生別稿	息庵先生別稿	史部	域外·朝鮮	域外	金錫胄	130032	
北學議	北學議	史部	域外·朝鮮	域外		121200	
北關紀事	北關紀事	史部	域外·朝鮮	域外		116557	
厚齋先生年譜	厚齋先生年譜	史部	域外·朝鮮	域外		108900	
坡谷遺稿	坡谷遺稿	史部	域外·朝鮮	域外		88718	
五龍齋遺稿	五龍齋遺稿	史部	域外·朝鮮	域外	南溟學	85584	
八道御史齎去事目	八道御史齎去事目	史部	域外·朝鮮	域外		80538	
晩翠亭遺稿 (朴永錫)	晩翠亭遺稿 (朴永錫)	史部	域外·朝鮮	域外	朴永錫	80093	
一齋先生集	一齋先生集	史部	域外·朝鮮	域外	李恒	71471	
斗室尺牘	斗室尺牘	史部	域外·朝鮮	域外	沈象奎	70486	
丹溪遺稿	丹溪遺稿	史部	域外·朝鮮	域外	河緯地	62782	
三壺未㝎稿	三壺未㝎稿	史部	域外·朝鮮	域外	李元溥	53791	
孤竹遺稿	孤竹遺稿	史部	域外·朝鮮	域外		53070	
晩隱遺稿 (洪胄華)	晩隱遺稿 (洪胄華)	史部	域外·朝鮮	域外	洪宗善、洪胄華	52151	
夏園詩鈔	夏園詩鈔	史部	域外·朝鮮	域外	鄭芝潤	45514	
晚香齋詩鈔	晚香齋詩鈔	史部	域外·朝鮮	域外	南相吉	44549	
東國歲時記	東國歲時記	史部	域外·朝鮮	域外	洪錫謨	42429	
御製警世問答續錄	御製警世問答續錄	史部	域外·朝鮮	域外		41879	
南忠壯公詩稿	南忠壯公詩稿	史部	域外·朝鮮	域外	南延年	40858	
北漢誌 (標點本)	北漢誌 (標點本)	史部	域外·朝鮮	域外		38823	
孤松遺稿	孤松遺稿	史部	域外·朝鮮	域外		37339	
二十功臣會盟錄 (1680 年)	二十功臣會盟錄 (1680 年)	史部	域外·朝鮮	域外		36820	
帝王韻紀	帝王韻紀	史部	域外·朝鮮	域外	李承休	36818	
宋史筌	宋史筌	史部	域外·朝鮮	域外		36805	
勸念要錄	勸念要錄	史部	域外·朝鮮	域外	普雨	35400	
一齋遺稿	一齋遺稿	史部	域外·朝鮮	域外	柳遠必	33942	
大明居士遺稿	大明居士遺稿	史部	域外·朝鮮	域外	李希良	33388	
北漢誌	北漢誌	史部	域外·朝鮮	域外		33062	
南窓雜稿	南窓雜稿	史部	域外·朝鮮	域外	金玄成	31655	
愼默齋遺稿 (陳文玉)	愼默齋遺稿 (陳文玉)	史部	域外·朝鮮	域外	陳文玉	31074	
全南道大同事目	全南道大同事目	史部	域外·朝鮮	域外		30292	
孤靑先生遺稿	孤靑先生遺稿	史部	域外·朝鮮	域外		30211	
御製警世問答	御製警世問答	史部	域外·朝鮮	域外		30209	
御製續自省編	御製續自省編	史部	域外·朝鮮	域外	李昑	29363	
東州先生別集	東州先生別集	史部	域外·朝鮮	域外	李敏求	28373	
八谷雜稿	八谷雜稿	史部	域外·朝鮮	域外	具思孟	28365	
北渚先生別集	北渚先生別集	史部	域外·朝鮮	域外		27764	
二十功臣會盟錄 (1646 年)	二十功臣會盟錄 (1646 年)	史部	域外·朝鮮	域外		27018	
朴靈恩遺稿	朴靈恩遺稿	史部	域外·朝鮮	域外	朴恒漢	26237	
忘軒遺稿	忘軒遺稿	史部	域外·朝鮮	域外	李胄	25579	
光國志慶錄	光國志慶錄	史部	域外·朝鮮	域外	李焞	24557	
新法步天歌	新法步天歌	史部	域外·朝鮮	域外	李俊養	19657	
月嶽書疏	月嶽書疏	史部	域外·朝鮮	域外	韓祉	19217	
御製訓書	御製訓書	史部	域外·朝鮮	域外	李昑	16503	
三弌𥛠誥	三弌𥛠誥	史部	域外·朝鮮	域外	任雅相	16214	
旨洞墓所事蹟謄錄記	旨洞墓所事蹟謄錄記	史部	域外·朝鮮	域外	洪秉僖	13070	
勸農節目	勸農節目	史部	域外·朝鮮	域外		12048	
全羅道烽燧烟臺將卒摠錄成冊	全羅道烽燧烟臺將卒摠錄成冊	史部	域外·朝鮮	域外		10986	
宣傳官廳各道行下禮木新定節目	宣傳官廳各道行下禮木新定節目	史部	域外·朝鮮	域外	議政府	9914	
平安監營所管軍摠兵制成冊	平安監營所管軍摠兵制成冊	史部	域外·朝鮮	域外		9698	
內閣故事節目	內閣故事節目	史部	域外·朝鮮	域外		9484	
御製常訓	御製常訓	史部	域外·朝鮮	域外	李昑	9409	
一齋先生集續錄	一齋先生集續錄	史部	域外·朝鮮	域外	李恒	9157	
加髢申禁事目	加髢申禁事目	史部	域外·朝鮮	域外		9103	
世子行蹟	世子行蹟	史部	域外·朝鮮	域外		9021	
御製科弊釐正綸音	御製科弊釐正綸音	史部	域外·朝鮮	域外	李昑	8939	
御製續常訓	御製續常訓	史部	域外·朝鮮	域外	李昑	8300	
全羅道進上藥材價全州府大同米中磨鍊謄錄抄出成冊	全羅道進上藥材價全州府大同米中磨鍊謄錄抄出成冊	史部	域外·朝鮮	域外		7363	
御製永世追慕錄	御製永世追慕錄	史部	域外·朝鮮	域外	李昑	7256	
俛宇先生文集	俛宇先生文集	史部	域外·朝鮮	域外	郭鍾錫	6814	
三國遺事	三國遺事	史部	域外·朝鮮	域外	一然	6191	
弘齋全書	弘齋全書	史部	域外·朝鮮	域外	李祘	6072	
寬窩遺稿	寬窩遺稿	史部	域外·朝鮮	域外	趙炳彬	6034	
崇禎三甲寅春謁聖文武龍虎榜目	崇禎三甲寅春謁聖文武龍虎榜目	史部	域外·朝鮮	域外		5879	
御製百行源	御製百行源	史部	域外·朝鮮	域外	李昑、洪鳳漢	5703	
御製諭原春道嶺東嶺西大小士民綸音	御製諭原春道嶺東嶺西大小士民綸音	史部	域外·朝鮮	域外	李祘	5639	
御製樹德全編	御製樹德全編	史部	域外·朝鮮	域外	金相福	5382	
三國史記	三國史記	史部	域外·朝鮮	域外	金富軾	4874	
東文選	東文選	史部	域外·朝鮮	域外	崔致遠	4652	
御製讀書錄	御製讀書錄	史部	域外·朝鮮	域外	李昑	4524	
御製養老務農頒行小學五倫行實鄕飮儀式鄕約條例綸音	御製養老務農頒行小學五倫行實鄕飮儀式鄕約條例綸音	史部	域外·朝鮮	域外	李祘	4167	
大韓慶嬪金氏墓誌	大韓慶嬪金氏墓誌	史部	域外·朝鮮	域外	金珏鉉	3813	
全羅道康津海南長興興陽靈巖珍島等邑民人慰諭蠲恤綸音	全羅道康津海南長興興陽靈巖珍島等邑民人慰諭蠲恤綸音	史部	域外·朝鮮	域外	李祘	3782	
御製風泉錄	御製風泉錄	史部	域外·朝鮮	域外	李昑	3023	
國朝寶鑑	國朝寶鑑	史部	域外·朝鮮	域外		2934	
南溪先生朴文純公文正集	南溪先生朴文純公文正集	史部	域外·朝鮮	域外	朴世采	2779	
御製表義錄	御製表義錄	史部	域外·朝鮮	域外	李昑	2634	
月沙先生集	月沙先生集	史部	域外·朝鮮	域外	李廷龜	2530	
御製飭諭武臣綸音	御製飭諭武臣綸音	史部	域外·朝鮮	域外	李祘	2328	
三淵集	三淵集	史部	域外·朝鮮	域外	金昌翕	2318	
全羅兵營關牒謄錄	全羅兵營關牒謄錄	史部	域外·朝鮮	域外		2275	
屛溪先生集	屛溪先生集	史部	域外·朝鮮	域外	尹鳳九	2212	
國朝人物考	國朝人物考	史部	域外·朝鮮	域外		2071	
忠淸監營軍需所用別錄成冊	忠淸監營軍需所用別錄成冊	史部	域外·朝鮮	域外		2058	
御製慈宮周甲日進饌樂章	御製慈宮周甲日進饌樂章	史部	域外·朝鮮	域外		1904	
四佳集	四佳集	史部	域外·朝鮮	域外	徐居正	1853	
拓菴先生文集	拓菴先生文集	史部	域外·朝鮮	域外	金道和	1751	
性齋先生文集	性齋先生文集	史部	域外·朝鮮	域外	許傳	1736	
厚齋先生集	厚齋先生集	史部	域外·朝鮮	域外	金榦	1706	
定齋先生文集	定齋先生文集	史部	域外·朝鮮	域外	柳致明	1661	
大山先生文集	大山先生文集	史部	域外·朝鮮	域外	李象靖	1650	
明齋先生遺稿	明齋先生遺稿	史部	域外·朝鮮	域外	尹拯	1571	
常變通攷	常變通攷	史部	域外·朝鮮	域外	柳長源	1563	
可庵遺稿 (金龜柱)	可庵遺稿 (金龜柱)	史部	域外·朝鮮	域外	金龜柱	1537	
朝鮮王朝實錄	朝鮮王朝實錄	史部	域外·朝鮮	域外		1534	
南塘先生文集	南塘先生文集	史部	域外·朝鮮	域外		1418	
勉菴先生文集	勉菴先生文集	史部	域外·朝鮮	域外	崔益鉉	1412	
大溪先生文集 (李承煕)	大溪先生文集 (李承煕)	史部	域外·朝鮮	域外	李承煕	1358	
寒水齋先生文集	寒水齋先生文集	史部	域外·朝鮮	域外	權尙夏	1161	
朝鮮史略	朝鮮史略	史部	域外·朝鮮	域外	李詹、權近、河崙	1143	
恬軒集	恬軒集	史部	域外·朝鮮	域外	任相元	1105	
明谷集 (崔錫鼎)	明谷集 (崔錫鼎)	史部	域外·朝鮮	域外	崔錫鼎	1103	
希菴集 (蔡彭胤)	希菴集 (蔡彭胤)	史部	域外·朝鮮	域外	蔡彭胤	1086	
杞園集	杞園集	史部	域外·朝鮮	域外	魚有鳳	1044	
冠巖全書	冠巖全書	史部	域外·朝鮮	域外	洪敬謨	1028	
承政院日記	承政院日記	史部	域外·朝鮮	域外		1028	
儉齋集	儉齋集	史部	域外·朝鮮	域外	金楺	1018	
市南先生文集	市南先生文集	史部	域外·朝鮮	域外	兪棨	986	
心菴遺稿 (趙斗淳)	心菴遺稿 (趙斗淳)	史部	域外·朝鮮	域外	趙斗淳	971	
䨓淵集	䨓淵集	史部	域外·朝鮮	域外	南有容	938	
《皇明實錄》購入進書文	《皇明實錄》購入進書文	史部	域外·朝鮮	域外	金履喬	928	
博泉集	博泉集	史部	域外·朝鮮	域外	李沃	928	
文谷集	文谷集	史部	域外·朝鮮	域外	金壽恒	905	
息山先生文集	息山先生文集	史部	域外·朝鮮	域外	李萬敷	891	
佔畢齋集	佔畢齋集	史部	域外·朝鮮	域外	金宗直	890	
東岳先生集	東岳先生集	史部	域外·朝鮮	域外	李安訥	873	
存齋集 (魏伯珪)	存齋集 (魏伯珪)	史部	域外·朝鮮	域外	魏伯珪	864	
存齋集 (朴允默)	存齋集 (朴允默)	史部	域外·朝鮮	域外	朴允默	822	
久堂先生集	久堂先生集	史部	域外·朝鮮	域外	朴銑、朴鑌、朴長遠	811	
懲毖錄	懲毖錄	史部	域外·朝鮮	域外	柳成龍	810	
峿堂集	峿堂集	史部	域外·朝鮮	域外	李象秀	803	
《小兒論》序	《小兒論》序	史部	域外·朝鮮	域外	李湛	799	
丈巖先生集	丈巖先生集	史部	域外·朝鮮	域外	鄭澔	799	
東州先生詩集	東州先生詩集	史部	域外·朝鮮	域外	李敏求	780	
屐園遺稿	屐園遺稿	史部	域外·朝鮮	域外	李晩秀	757	
南溪先生朴文純公文續集	南溪先生朴文純公文續集	史部	域外·朝鮮	域外	朴世采	752	
人物考	人物考	史部	域外·朝鮮	域外		748	
同春堂先生文集	同春堂先生文集	史部	域外·朝鮮	域外	宋浚吉	743	
東岡先生文集	東岡先生文集	史部	域外·朝鮮	域外	金宇顒	734	
息庵先生遺稿	息庵先生遺稿	史部	域外·朝鮮	域外	金錫胄	715	
東史綱目	東史綱目	史部	域外·朝鮮	域外	安鼎福	710	
揆園史話	揆園史話	史部	域外·朝鮮	域外	北崖子	708	
晩求先生文集	晩求先生文集	史部	域外·朝鮮	域外	李種杞	706	
嘉梧藁略	嘉梧藁略	史部	域外·朝鮮	域外	李裕元	703	
定軒先生文集	定軒先生文集	史部	域外·朝鮮	域外	李鍾祥	701	
好古窩先生文集	好古窩先生文集	史部	域外·朝鮮	域外	柳徽文	697	
川沙先生文集	川沙先生文集	史部	域外·朝鮮	域外	金宗德	687	
兼山集 (兪肅基)	兼山集 (兪肅基)	史部	域外·朝鮮	域外	兪肅基	678	
山木軒集	山木軒集	史部	域外·朝鮮	域外	金羲淳	677	
愚伏先生文集	愚伏先生文集	史部	域外·朝鮮	域外	鄭經世	656	
后山先生文集 (李宗洙)	后山先生文集 (李宗洙)	史部	域外·朝鮮	域外	李宗洙	655	
南圃先生集	南圃先生集	史部	域外·朝鮮	域外		653	
昆侖集	昆侖集	史部	域外·朝鮮	域外	崔昌大	647	
晚醒先生文集	晚醒先生文集	史部	域外·朝鮮	域外	朴致馥	632	
初庵集	初庵集	史部	域外·朝鮮	域外	金憲基	631	
冠陽集	冠陽集	史部	域外·朝鮮	域外	李匡德	617	
北軒居士集	北軒居士集	史部	域外·朝鮮	域外		610	
李忠武公全書	李忠武公全書	史部	域外·朝鮮	域外	尹行恁、李舜臣、柳得恭	610	
仁山先生文集 (蘇輝冕)	仁山先生文集 (蘇輝冕)	史部	域外·朝鮮	域外	蘇輝冕	606	
晩靜堂集	晩靜堂集	史部	域外·朝鮮	域外	徐宗泰	594	
晦齋先生集	晦齋先生集	史部	域外·朝鮮	域外	李彦迪	592	
悔軒集	悔軒集	史部	域外·朝鮮	域外	趙觀彬	590	
晩谷先生文集	晩谷先生文集	史部	域外·朝鮮	域外	趙述道	588	
弘道先生遺稿	弘道先生遺稿	史部	域外·朝鮮	域外	李溆	587	
保閑齋集	保閑齋集	史部	域外·朝鮮	域外	申叔舟	583	
三灘先生集	三灘先生集	史部	域外·朝鮮	域外	李承召	577	
嶺南人物考	嶺南人物考	史部	域外·朝鮮	域外		573	
敬亭集	敬亭集	史部	域外·朝鮮	域外	李民宬	571	
南溪先生朴文純公文外集	南溪先生朴文純公文外集	史部	域外·朝鮮	域外	朴世采	567	
修山集	修山集	史部	域外·朝鮮	域外	李種徽	566	
慕齋先生集	慕齋先生集	史部	域外·朝鮮	域外	金安國	563	
巍巖遺稿	巍巖遺稿	史部	域外·朝鮮	域外	李柬	560	
恩誦堂集	恩誦堂集	史部	域外·朝鮮	域外	李尙迪	557	
冶谷先生集	冶谷先生集	史部	域外·朝鮮	域外	趙克善	545	
廣瀨文集	廣瀨文集	史部	域外·朝鮮	域外	李野淳	542	
拙齋先生文集	拙齋先生文集	史部	域外·朝鮮	域外	柳元之	541	
健齋先生文集	健齋先生文集	史部	域外·朝鮮	域外	金千鎰	540	
壺谷集 (南龍翼)	壺谷集 (南龍翼)	史部	域外·朝鮮	域外	南龍翼	538	
寒岡先生文集	寒岡先生文集	史部	域外·朝鮮	域外	鄭逑	537	
恩誦堂續集	恩誦堂續集	史部	域外·朝鮮	域外	李尙迪	534	
寺正公集	寺正公集	史部	域外·朝鮮	域外	鄭永通	531	
克齋先生文集	克齋先生文集	史部	域外·朝鮮	域外	申益愰	526	
容齋集	容齋集	史部	域外·朝鮮	域外	李荇	526	
剛齋先生集	剛齋先生集	史部	域外·朝鮮	域外	宋穉圭	525	
斗室存稾	斗室存稾	史部	域外·朝鮮	域外	沈象奎	525	
屛山集 (李觀命)	屛山集 (李觀命)	史部	域外·朝鮮	域外	李觀命	522	
丹陵遺稿	丹陵遺稿	史部	域外·朝鮮	域外	李胤永	520	
東埜集	東埜集	史部	域外·朝鮮	域外	金養根	519	
保晚齋集	保晚齋集	史部	域外·朝鮮	域外	徐命膺	517	
五峯先生集	五峯先生集	史部	域外·朝鮮	域外	李好閔	514	
來庵先生文集	來庵先生文集	史部	域外·朝鮮	域外	鄭仁弘	514	
六先生遺稿	六先生遺稿	史部	域外·朝鮮	域外		513	
南坡集 (洪宇遠)	南坡集 (洪宇遠)	史部	域外·朝鮮	域外		511	
戒懼菴集	戒懼菴集	史部	域外·朝鮮	域外	尹衡老	508	
四留齋集	四留齋集	史部	域外·朝鮮	域外		505	
孤山遺稿	孤山遺稿	史部	域外·朝鮮	域外		501	
東巖先生文集 (柳長源)	東巖先生文集 (柳長源)	史部	域外·朝鮮	域外	柳長源	500	
三峯集	三峯集	史部	域外·朝鮮	域外	鄭道傳	494	
春亭集	春亭集	史部	域外·朝鮮	域外	卞季良	494	
企齋集	企齋集	史部	域外·朝鮮	域外	申光漢	491	
俛庵集	俛庵集	史部	域外·朝鮮	域外	李㙖	491	
敬庵先生文集 (李漢鷹)	敬庵先生文集 (李漢鷹)	史部	域外·朝鮮	域外	李漢鷹	491	
景齋集	景齋集	史部	域外·朝鮮	域外	禹成圭	491	
恕菴集	恕菴集	史部	域外·朝鮮	域外	申靖夏	486	
今古實記	今古實記	史部	域外·朝鮮	域外	尹大榮、張世五	484	
木齋先生文集	木齋先生文集	史部	域外·朝鮮	域外	洪汝河	477	
敬庵遺稿	敬庵遺稿	史部	域外·朝鮮	域外	尹東洙	473	
慕堂先生文集	慕堂先生文集	史部	域外·朝鮮	域外	孫處訥	469	
尼溪集	尼溪集	史部	域外·朝鮮	域外	朴來吾	467	
愼獨齋先生遺稿	愼獨齋先生遺稿	史部	域外·朝鮮	域外	金集	457	
拙修齋先生集	拙修齋先生集	史部	域外·朝鮮	域外	趙聖期	457	
動安居士集	動安居士集	史部	域外·朝鮮	域外	李承休	454	
冲齋先生文集	冲齋先生文集	史部	域外·朝鮮	域外	權橃	453	
本庵集	本庵集	史部	域外·朝鮮	域外	金鍾厚	453	
月峯集 (高傅川)	月峯集 (高傅川)	史部	域外·朝鮮	域外	高傅川	451	
判牧公集	判牧公集	史部	域外·朝鮮	域外	鄭孝文	450	
愚伏先生別集	愚伏先生別集	史部	域外·朝鮮	域外	鄭經世	448	
斗庵先生文集	斗庵先生文集	史部	域外·朝鮮	域外	金若鍊	444	
希樂堂文稿	希樂堂文稿	史部	域外·朝鮮	域外	金安老	442	
屯塢集	屯塢集	史部	域外·朝鮮	域外	林宗七	441	
敬軒集	敬軒集	史部	域外·朝鮮	域外	李旲	436	
市南先生别集	市南先生别集	史部	域外·朝鮮	域外	兪棨	435	
壺谷集 (柳範休)	壺谷集 (柳範休)	史部	域外·朝鮮	域外	柳範休	434	
心田稿	心田稿	史部	域外·朝鮮	域外	朴思浩	434	
圃隱集	圃隱集	史部	域外·朝鮮	域外		433	
月汀集	月汀集	史部	域外·朝鮮	域外	尹根壽	432	
月谷集	月谷集	史部	域外·朝鮮	域外	吳瑗	431	
拙翁集	拙翁集	史部	域外·朝鮮	域外	洪聖民	429	
晩求先生續集	晩求先生續集	史部	域外·朝鮮	域外	李種杞	429	
修溪先生文集	修溪先生文集	史部	域外·朝鮮	域外	李升培	427	
克齋集 (盧佖淵)	克齋集 (盧佖淵)	史部	域外·朝鮮	域外	盧佖淵	425	
孤山先生文集	孤山先生文集	史部	域外·朝鮮	域外		425	
懶隱先生文集	懶隱先生文集	史部	域外·朝鮮	域外	李東標	420	
感樹齋先生文集	感樹齋先生文集	史部	域外·朝鮮	域外	朴汝樑	418	
懶窩集	懶窩集	史部	域外·朝鮮	域外	奇彦鼎	415	
八友軒先生文集	八友軒先生文集	史部	域外·朝鮮	域外	趙普陽	414	
後溪集	後溪集	史部	域外·朝鮮	域外	李頤淳	414	
息山先生續集	息山先生續集	史部	域外·朝鮮	域外	李萬敷	413	
太湖集	太湖集	史部	域外·朝鮮	域外	洪元燮	409	
德村集 (梁得中)	德村集 (梁得中)	史部	域外·朝鮮	域外	梁得中	409	
夢窩集	夢窩集	史部	域外·朝鮮	域外	金昌集	407	
晚悔集 (權得己)	晚悔集 (權得己)	史部	域外·朝鮮	域外	權得己	407	
可畦集	可畦集	史部	域外·朝鮮	域外	趙翊	404	
仙源遺稿	仙源遺稿	史部	域外·朝鮮	域外	金尙容	403	
冠峯遺稿	冠峯遺稿	史部	域外·朝鮮	域外	玄尙璧	403	
敬庵先生文集 (盧景任)	敬庵先生文集 (盧景任)	史部	域外·朝鮮	域外	盧景任	402	
東園集 (金貴榮)	東園集 (金貴榮)	史部	域外·朝鮮	域外	金貴榮	402	
及菴詩集	及菴詩集	史部	域外·朝鮮	域外	閔思平	401	
台溪先生文集	台溪先生文集	史部	域外·朝鮮	域外	河溍	400	
月川集	月川集	史部	域外·朝鮮	域外	趙穆	400	
壄隱逸稿	壄隱逸稿	史部	域外·朝鮮	域外	田祿生、田萬英	398	
南陽先生詩集	南陽先生詩集	史部	域外·朝鮮	域外	白賁華	397	
敦巖集	敦巖集	史部	域外·朝鮮	域外	朴宗慶	397	
晩悟先生文集 (申達道)	晩悟先生文集 (申達道)	史部	域外·朝鮮	域外	申達道	396	
宛丘遺集	宛丘遺集	史部	域外·朝鮮	域外	申大羽	393	
和隱集	和隱集	史部	域外·朝鮮	域外	李時恒	392	
東州先生文集	東州先生文集	史部	域外·朝鮮	域外	李敏求	392	
損庵集	損庵集	史部	域外·朝鮮	域外	趙根	391	
⿱秋木菴集	⿱秋木菴集	史部	域外·朝鮮	域外	金夏九	388	
大埜文集	大埜文集	史部	域外·朝鮮	域外	柳健休	386	
懼庵先生文集	懼庵先生文集	史部	域外·朝鮮	域外	李樹仁	386	
九峯集 (趙遠期)	九峯集 (趙遠期)	史部	域外·朝鮮	域外	趙遠期	381	
弼雲稿	弼雲稿	史部	域外·朝鮮	域外	金令行	381	
德溪先生文集	德溪先生文集	史部	域外·朝鮮	域外	吳健	381	
俛仰集	俛仰集	史部	域外·朝鮮	域外	宋純	375	
屛谷先生文集	屛谷先生文集	史部	域外·朝鮮	域外	權榘	374	
批選龜峯先生詩集	批選龜峯先生詩集	史部	域外·朝鮮	域外	宋翼弼、沈宗直	374	
寒岡先生續集	寒岡先生續集	史部	域外·朝鮮	域外	鄭逑	373	
懶齋先生文集	懶齋先生文集	史部	域外·朝鮮	域外	申悅道	372	
丹邱遺稿	丹邱遺稿	史部	域外·朝鮮	域外	金永三	371	
晚雲集	晚雲集	史部	域外·朝鮮	域外	鄭忠信	371	
東岡先生遺稿	東岡先生遺稿	史部	域外·朝鮮	域外	崔是翁	370	
庚子燕行雜識	庚子燕行雜識	史部	域外·朝鮮	域外	李宜顯	367	
拙隱先生文集	拙隱先生文集	史部	域外·朝鮮	域外	李漢輔	367	
晩洲遺集	晩洲遺集	史部	域外·朝鮮	域外	洪錫箕	366	
東州先生前集	東州先生前集	史部	域外·朝鮮	域外	李敏求	366	
古溪文集	古溪文集	史部	域外·朝鮮	域外	李彙寧	364	
三山先生文集	三山先生文集	史部	域外·朝鮮	域外	柳正源	361	
寓軒先生文集 (柳世鳴)	寓軒先生文集 (柳世鳴)	史部	域外·朝鮮	域外	柳世鳴	361	
思菴先生文集	思菴先生文集	史部	域外·朝鮮	域外	朴淳	361	
敬窩先生文集	敬窩先生文集	史部	域外·朝鮮	域外	金烋	361	
好古窩先生別集	好古窩先生別集	史部	域外·朝鮮	域外	柳徽文	359	
拱白堂先生文集	拱白堂先生文集	史部	域外·朝鮮	域外	黃德壹	359	
岐峯集	岐峯集	史部	域外·朝鮮	域外	白光弘	358	
屯菴集 (申昉)	屯菴集 (申昉)	史部	域外·朝鮮	域外	申昉	355	
塘村集	塘村集	史部	域外·朝鮮	域外	黃暐	352	
恥菴集	恥菴集	史部	域外·朝鮮	域外	李之濂	352	
忘窩先生文集	忘窩先生文集	史部	域外·朝鮮	域外	金榮祖	350	
厚庵集	厚庵集	史部	域外·朝鮮	域外	權濂	349	
五山集	五山集	史部	域外·朝鮮	域外	車天輅	347	
景淵堂集	景淵堂集	史部	域外·朝鮮	域外	李玄祚	344	
杞園先生年譜	杞園先生年譜	史部	域外·朝鮮	域外	李正履、李正觀、洪吉周、魚命能	342	
南岳集	南岳集	史部	域外·朝鮮	域外		341	
大溪遺稿	大溪遺稿	史部	域外·朝鮮	域外	黃在英	340	
寓庵遺集	寓庵遺集	史部	域外·朝鮮	域外	金澍	340	
惕若齋集	惕若齋集	史部	域外·朝鮮	域外	金九容	340	
杜機詩集	杜機詩集	史部	域外·朝鮮	域外	崔成大	340	
嶧陽集	嶧陽集	史部	域外·朝鮮	域外	文景虎	338	
晩慕遺稿	晩慕遺稿	史部	域外·朝鮮	域外	鄭基安	338	
東圃集	東圃集	史部	域外·朝鮮	域外	金時敏	338	
南村先生文集	南村先生文集	史部	域外·朝鮮	域外	宋履錫	336	
存齋先生文集	存齋先生文集	史部	域外·朝鮮	域外	李徽逸	336	
一庵先生文集 (辛夢參)	一庵先生文集 (辛夢參)	史部	域外·朝鮮	域外	辛夢參	335	
同春堂先生別集	同春堂先生別集	史部	域外·朝鮮	域外	宋浚吉	335	
家州集	家州集	史部	域外·朝鮮	域外	李尙質	335	
寒圃齋集	寒圃齋集	史部	域外·朝鮮	域外	李健命	335	
寒沙先生文集	寒沙先生文集	史部	域外·朝鮮	域外	姜大遂	335	
晚翠集	晚翠集	史部	域外·朝鮮	域外	吳億齡	335	
伊溪先生續集	伊溪先生續集	史部	域外·朝鮮	域外	南夢賚	333	
晩覺齋先生文集	晩覺齋先生文集	史部	域外·朝鮮	域外	李東汲	333	
勿巖集	勿巖集	史部	域外·朝鮮	域外	金隆	332	
敬齋集 (河演)	敬齋集 (河演)	史部	域外·朝鮮	域外	河演	332	
企齋別集	企齋別集	史部	域外·朝鮮	域外	申光漢	330	
六寓堂遺稿	六寓堂遺稿	史部	域外·朝鮮	域外	李夏鎭	330	
凌虛關漫稿	凌虛關漫稿	史部	域外·朝鮮	域外	李愃	330	
天默先生遺稿	天默先生遺稿	史部	域外·朝鮮	域外	李尙馨	330	
定齋集 (朴泰輔)	定齋集 (朴泰輔)	史部	域外·朝鮮	域外	朴泰輔	330	
晩全先生文集	晩全先生文集	史部	域外·朝鮮	域外	洪可臣	330	
宗班行蹟	宗班行蹟	史部	域外·朝鮮	域外		329	
嘯皐先生文集	嘯皐先生文集	史部	域外·朝鮮	域外	朴承任	328	
北渚先生集	北渚先生集	史部	域外·朝鮮	域外		327	
孤松集	孤松集	史部	域外·朝鮮	域外		327	
山堂集	山堂集	史部	域外·朝鮮	域外	崔忠成	327	
忠靖公甲峰遺稿	忠靖公甲峰遺稿	史部	域外·朝鮮	域外	金宇杭	327	
息庵先生文集	息庵先生文集	史部	域外·朝鮮	域外	黃暹	327	
凌虛先生文集	凌虛先生文集	史部	域外·朝鮮	域外	朴敏	326	
南冥先生集	南冥先生集	史部	域外·朝鮮	域外		326	
時庵集 (趙相禹)	時庵集 (趙相禹)	史部	域外·朝鮮	域外	趙相禹	326	
南坡相國集	南坡相國集	史部	域外·朝鮮	域外		324	
大峯先生文集	大峯先生文集	史部	域外·朝鮮	域外	楊熙止	324	
大菴先生集	大菴先生集	史部	域外·朝鮮	域外	朴惺	324	
无悶堂集 (朴絪)	无悶堂集 (朴絪)	史部	域外·朝鮮	域外	朴絪	324	
春沼子集	春沼子集	史部	域外·朝鮮	域外	申最	324	
月塘先生集	月塘先生集	史部	域外·朝鮮	域外	姜碩期	324	
月峯先生文集	月峯先生文集	史部	域外·朝鮮	域外	高仁繼	324	
杜谷先生文集 (洪宇定)	杜谷先生文集 (洪宇定)	史部	域外·朝鮮	域外	洪宇定	324	
後彫堂先生文集	後彫堂先生文集	史部	域外·朝鮮	域外	金富弼	322	
一丫堂遺稿	一丫堂遺稿	史部	域外·朝鮮	域外	李會彰	321	
乖隱遺稿	乖隱遺稿	史部	域外·朝鮮	域外	鄭球	321	
晩沙稿	晩沙稿	史部	域外·朝鮮	域外	沈之源	321	
晴峯集	晴峯集	史部	域外·朝鮮	域外	沈東龜	321	
月軒集	月軒集	史部	域外·朝鮮	域外	丁壽岡	321	
恒齋先生文集 (李嵩逸)	恒齋先生文集 (李嵩逸)	史部	域外·朝鮮	域外	李嵩逸	320	
伴圃遺稿	伴圃遺稿	史部	域外·朝鮮	域外	金光翼	318	
別洞集	別洞集	史部	域外·朝鮮	域外	尹祥	318	
悅菴文集	悅菴文集	史部	域外·朝鮮	域外	夏時贊	318	
敬庵先生文集 (吴汝橃)	敬庵先生文集 (吴汝橃)	史部	域外·朝鮮	域外	吴汝橃	316	
日本陸軍操典	日本陸軍操典	史部	域外·朝鮮	域外	洪英植	316	
圭菴先生文集	圭菴先生文集	史部	域外·朝鮮	域外		315	
愚川集	愚川集	史部	域外·朝鮮	域外	鄭侙	315	
晦谷先生文集	晦谷先生文集	史部	域外·朝鮮	域外	權春蘭	315	
后溪集	后溪集	史部	域外·朝鮮	域外	趙裕壽	314	
孤潭逸稿	孤潭逸稿	史部	域外·朝鮮	域外		314	
孤雲集	孤雲集	史部	域外·朝鮮	域外		314	
憂亭集	憂亭集	史部	域外·朝鮮	域外	金克成	314	
大笑軒逸稿	大笑軒逸稿	史部	域外·朝鮮	域外	趙宗道	313	
是窩遺稿	是窩遺稿	史部	域外·朝鮮	域外	韓泰東	313	
一峯集 (趙顯期)	一峯集 (趙顯期)	史部	域外·朝鮮	域外	趙顯期	312	
二憂堂集 (趙泰采)	二憂堂集 (趙泰采)	史部	域外·朝鮮	域外	趙泰采	310	
寓庵先生文集	寓庵先生文集	史部	域外·朝鮮	域外	南九明	310	
峒隱先生稿	峒隱先生稿	史部	域外·朝鮮	域外	李義健	310	
本庵續集	本庵續集	史部	域外·朝鮮	域外	金鍾厚	310	
伊溪先生文集	伊溪先生文集	史部	域外·朝鮮	域外	南夢賚	309	
寄翁集	寄翁集	史部	域外·朝鮮	域外	南漢紀	307	
少眉山房藏	少眉山房藏	史部	域外·朝鮮	域外	李森煥	306	
打愚先生遺稿	打愚先生遺稿	史部	域外·朝鮮	域外	李翔	306	
朽淺先生集	朽淺先生集	史部	域外·朝鮮	域外	黃宗海	306	
企齋文集	企齋文集	史部	域外·朝鮮	域外	申光漢	305	
五山先生續集	五山先生續集	史部	域外·朝鮮	域外	車天輅	304	
南川先生文集 (權斗文)	南川先生文集 (權斗文)	史部	域外·朝鮮	域外		304	
勘亂錄	勘亂錄	史部	域外·朝鮮	域外	宋寅明、朴師洙	303	
思齋集	思齋集	史部	域外·朝鮮	域外	金正國	301	
性堂集	性堂集	史部	域外·朝鮮	域外	鄭赫臣	301	
晩洲先生集	晩洲先生集	史部	域外·朝鮮	域外	鄭昌胄	301	
在澗集	在澗集	史部	域外·朝鮮	域外		300	
孤舟集 (丁運煕)	孤舟集 (丁運煕)	史部	域外·朝鮮	域外		300	
慕軒集	慕軒集	史部	域外·朝鮮	域外	成大中	300	
德浦先生遺稿	德浦先生遺稿	史部	域外·朝鮮	域外	尹搢	299	
慕夏堂文集	慕夏堂文集	史部	域外·朝鮮	域外	金忠善	299	
大觀齋亂稿	大觀齋亂稿	史部	域外·朝鮮	域外	沈義	298	
成謹甫先生集	成謹甫先生集	史部	域外·朝鮮	域外	成三問	298	
李參奉集	李參奉集	史部	域外·朝鮮	域外	李匡呂	298	
村隱集	村隱集	史部	域外·朝鮮	域外	劉希慶	297	
朴澹翁集	朴澹翁集	史部	域外·朝鮮	域外	朴昌元	295	
問月堂文集	問月堂文集	史部	域外·朝鮮	域外	吳克成	294	
崇德齋先生遺稿	崇德齋先生遺稿	史部	域外·朝鮮	域外	李潤慶	293	
月沙先生別集	月沙先生別集	史部	域外·朝鮮	域外	李廷龜	293	
四雨亭集	四雨亭集	史部	域外·朝鮮	域外		292	
對山集 (姜溍)	對山集 (姜溍)	史部	域外·朝鮮	域外	姜溍	292	
典律通補	典律通補	史部	域外·朝鮮	域外	具允明	291	
休翁集	休翁集	史部	域外·朝鮮	域外	沈光世	290	
守庵先生遺稿	守庵先生遺稿	史部	域外·朝鮮	域外		290	
希菴先生遺稿	希菴先生遺稿	史部	域外·朝鮮	域外	玄德升	290	
思軒文集 (鄭來成)	思軒文集 (鄭來成)	史部	域外·朝鮮	域外	鄭來成	289	
月洲集	月洲集	史部	域外·朝鮮	域外	蘇斗山	288	
月澗先生文集	月澗先生文集	史部	域外·朝鮮	域外	李㙉	288	
一菴集	一菴集	史部	域外·朝鮮	域外	李器之	287	
冥觀遺稿集	冥觀遺稿集	史部	域外·朝鮮	域外	尹安性	287	
冷泉遺稿	冷泉遺稿	史部	域外·朝鮮	域外	朴宗輿	287	
勉菴先生續集	勉菴先生續集	史部	域外·朝鮮	域外	崔益鉉	287	
久庵集	久庵集	史部	域外·朝鮮	域外	金就文	286	
太華子稿	太華子稿	史部	域外·朝鮮	域外	南有常	285	
嘯皐續集	嘯皐續集	史部	域外·朝鮮	域外	朴承任	284	
大谷先生集	大谷先生集	史部	域外·朝鮮	域外	成運	284	
慕山遺稿	慕山遺稿	史部	域外·朝鮮	域外	權寭	284	
敬亭先生續集	敬亭先生續集	史部	域外·朝鮮	域外	李民宬	284	
國朝人物續考	國朝人物續考	史部	域外·朝鮮	域外		283	
凌壺集	凌壺集	史部	域外·朝鮮	域外	李麟祥	281	
亨齋集	亨齋集	史部	域外·朝鮮	域外	李稷	279	
壺隱集	壺隱集	史部	域外·朝鮮	域外	洪受疇	278	
寒泉遺稿 (鄭敏僑)	寒泉遺稿 (鄭敏僑)	史部	域外·朝鮮	域外	鄭敏僑	278	
東村遺稿	東村遺稿	史部	域外·朝鮮	域外	柳帶春	278	
春亭先生續集	春亭先生續集	史部	域外·朝鮮	域外	卞斗星	277	
最窩集	最窩集	史部	域外·朝鮮	域外	金奎五	276	
東山先生遺稿	東山先生遺稿	史部	域外·朝鮮	域外	趙晟漢	276	
冲庵先生集	冲庵先生集	史部	域外·朝鮮	域外	金淨	275	
太虛亭集	太虛亭集	史部	域外·朝鮮	域外	崔恒	274	
定齋後集	定齋後集	史部	域外·朝鮮	域外	朴泰輔	273	
晩退軒先生遺稿	晩退軒先生遺稿	史部	域外·朝鮮	域外	申應榘	273	
八谷集	八谷集	史部	域外·朝鮮	域外	具思孟	272	
圃陰集	圃陰集	史部	域外·朝鮮	域外		272	
屛谷先生續集	屛谷先生續集	史部	域外·朝鮮	域外	權榘	272	
忍齋先生文集	忍齋先生文集	史部	域外·朝鮮	域外	洪暹	272	
晩翁集	晩翁集	史部	域外·朝鮮	域外	徐命瑞	271	
九峯先生文集	九峯先生文集	史部	域外·朝鮮	域外	金守訒	270	
儉巖山人詩集	儉巖山人詩集	史部	域外·朝鮮	域外	范慶文	270	
守夢先生集	守夢先生集	史部	域外·朝鮮	域外		269	
困齋先生愚得錄	困齋先生愚得錄	史部	域外·朝鮮	域外		268	
易安堂文集	易安堂文集	史部	域外·朝鮮	域外	趙天經	268	
少陵先生文集	少陵先生文集	史部	域外·朝鮮	域外	李尙毅	267	
介庵集	介庵集	史部	域外·朝鮮	域外	姜翼	266	
德隱遺稿	德隱遺稿	史部	域外·朝鮮	域外	朴雲壽	266	
敝帚遺稿	敝帚遺稿	史部	域外·朝鮮	域外	任弘亮	265	
十淸先生集	十淸先生集	史部	域外·朝鮮	域外		264	
懶齋集 (蔡壽)	懶齋集 (蔡壽)	史部	域外·朝鮮	域外	蔡壽	264	
敬堂先生文集	敬堂先生文集	史部	域外·朝鮮	域外	張興孝	264	
文峯集	文峯集	史部	域外·朝鮮	域外	鄭惟一	264	
乃翁遺稿	乃翁遺稿	史部	域外·朝鮮	域外	安宅柱、安泰中、安致權	263	
三壺遺稿	三壺遺稿	史部	域外·朝鮮	域外	李元溥	258	
久菴遺稿	久菴遺稿	史部	域外·朝鮮	域外	韓百謙、韓興一	258	
南磵集選	南磵集選	史部	域外·朝鮮	域外	羅海鳳	258	
德陽遺稿	德陽遺稿	史部	域外·朝鮮	域外	奇遵	258	
打愚先生遺稿續	打愚先生遺稿續	史部	域外·朝鮮	域外	李翔	257	
八斯遺稿	八斯遺稿	史部	域外·朝鮮	域外	裵幼華	256	
懶隱先生續集	懶隱先生續集	史部	域外·朝鮮	域外	李東標	256	
土亭集	土亭集	史部	域外·朝鮮	域外		255	
德溪先生年譜	德溪先生年譜	史部	域外·朝鮮	域外		255	
夢悟齋集	夢悟齋集	史部	域外·朝鮮	域外	沈尙鼎	253	
寒岡先生別集	寒岡先生別集	史部	域外·朝鮮	域外	鄭逑	253	
復齋先生集	復齋先生集	史部	域外·朝鮮	域外	鄭摠	252	
晚軒先生文集 (丁焰)	晚軒先生文集 (丁焰)	史部	域外·朝鮮	域外	丁焰	250	
三秀軒稿	三秀軒稿	史部	域外·朝鮮	域外	李賀朝	249	
圓齋先生文槀	圓齋先生文槀	史部	域外·朝鮮	域外		246	
敬堂先生續集	敬堂先生續集	史部	域外·朝鮮	域外	張興孝	246	
俛仰先生續集	俛仰先生續集	史部	域外·朝鮮	域外	宋純	245	
息山先生別集	息山先生別集	史部	域外·朝鮮	域外	李萬敷	243	
別洞續集	別洞續集	史部	域外·朝鮮	域外	尹祥	241	
寒松齋集 (沈師周)	寒松齋集 (沈師周)	史部	域外·朝鮮	域外	沈師周	241	
修巖先生文集	修巖先生文集	史部	域外·朝鮮	域外	柳袗	240	
厚齋先生別集	厚齋先生別集	史部	域外·朝鮮	域外	金榦	240	
儉窩遺稿	儉窩遺稿	史部	域外·朝鮮	域外	全泗性	239	
勿山遺稿	勿山遺稿	史部	域外·朝鮮	域外	鄭邦灝	239	
挹翠軒遺稿	挹翠軒遺稿	史部	域外·朝鮮	域外	朴誾	239	
化堂先生集	化堂先生集	史部	域外·朝鮮	域外	申敏一	238	
東人之文五七	東人之文五七	史部	域外·朝鮮	域外	崔瀣	237	
三登公遺稿	三登公遺稿	史部	域外·朝鮮	域外		236	
天坡集	天坡集	史部	域外·朝鮮	域外	吳䎘	235	
一蠹先生續集	一蠹先生續集	史部	域外·朝鮮	域外	鄭汝昌	233	
商谷集	商谷集	史部	域外·朝鮮	域外	姜瑜	233	
定齋別集	定齋別集	史部	域外·朝鮮	域外	朴泰輔	233	
再思堂先生逸集	再思堂先生逸集	史部	域外·朝鮮	域外	李黿	227	
東國兵鑑	東國兵鑑	史部	域外·朝鮮	域外	李珦	227	
岱淵遺藁	岱淵遺藁	史部	域外·朝鮮	域外	李勉伯	226	
亮谷遺稿	亮谷遺稿	史部	域外·朝鮮	域外	李義吉	225	
不憂軒集	不憂軒集	史部	域外·朝鮮	域外	丁克仁	224	
兩銓便攷	兩銓便攷	史部	域外·朝鮮	域外	李㷩	224	
晚聞遺稿	晚聞遺稿	史部	域外·朝鮮	域外	林萬彙	221	
一蠹先生遺集	一蠹先生遺集	史部	域外·朝鮮	域外	鄭汝昌	219	
明谷遺稿	明谷遺稿	史部	域外·朝鮮	域外	吳希道	219	
月塘先生別集	月塘先生別集	史部	域外·朝鮮	域外	姜碩期	219	
晦隱集	晦隱集	史部	域外·朝鮮	域外	南鶴鳴	218	
七峯咸先生遺稿	七峯咸先生遺稿	史部	域外·朝鮮	域外	咸軒	215	
夢囈集	夢囈集	史部	域外·朝鮮	域外	南克寬	215	
京都雜誌	京都雜誌	史部	域外·朝鮮	域外	柳得恭	214	
星鏡	星鏡	史部	域外·朝鮮	域外	南秉吉	212	
佔畢齋文集	佔畢齋文集	史部	域外·朝鮮	域外	金宗直	209	
一广遺稿	一广遺稿	史部	域外·朝鮮	域外	金相日	207	
李評事集	李評事集	史部	域外·朝鮮	域外	李穆	204	
再造藩邦志	再造藩邦志	史部	域外·朝鮮	域外	申炅	201	
敬齋遺稿 (南秀文)	敬齋遺稿 (南秀文)	史部	域外·朝鮮	域外	南秀文	201	
三省推鞫日記	三省推鞫日記	史部	域外·朝鮮	域外		200	
壽峴集	壽峴集	史部	域外·朝鮮	域外	石之珩	200	
信菴遺稿	信菴遺稿	史部	域外·朝鮮	域外	金信淑	199	
凝齋集	凝齋集	史部	域外·朝鮮	域外	李喜之	196	
冲庵先生年譜	冲庵先生年譜	史部	域外·朝鮮	域外	吳熙常	195	
勿齋集 (孫舜孝)	勿齋集 (孫舜孝)	史部	域外·朝鮮	域外	孫舜孝	194	
春圃柳先生遺稿	春圃柳先生遺稿	史部	域外·朝鮮	域外	柳莘老	191	
春洲遺稿	春洲遺稿	史部	域外·朝鮮	域外	金道洙	191	
奎章總目	奎章總目	史部	域外·朝鮮	域外	徐浩修	187	
月澗先生年譜	月澗先生年譜	史部	域外·朝鮮	域外	李堯福	181	
台閣志	台閣志	史部	域外·朝鮮	域外		179	
十省堂集	十省堂集	史部	域外·朝鮮	域外		178	
修巖先生年譜	修巖先生年譜	史部	域外·朝鮮	域外	柳袗	176	
一玉遺稿	一玉遺稿	史部	域外·朝鮮	域外	鄭圭永	166	
晴沙集	晴沙集	史部	域外·朝鮮	域外	高用厚	164	
拓菴先生別集	拓菴先生別集	史部	域外·朝鮮	域外	金道和	161	
一峯先生別集	一峯先生別集	史部	域外·朝鮮	域外	趙顯期	135	
南翁夢錄	南翁夢錄	史部	域外·越南	域外	黎澄	27019	
平吳大誥	平吳大誥	史部	域外·越南	域外	阮廌	5292	
諭諸裨將檄文	諭諸裨將檄文	史部	域外·越南	域外	陳興道	5165	
平安南詔	平安南詔	史部	域外·越南	域外	朱棣	4034	
保大八年正月拾陸日覆奏一道	保大八年正月拾陸日覆奏一道	史部	域外·越南	域外		3751	
椒宮殉節行	椒宮殉節行	史部	域外·越南	域外	阮輝宿	3323	
保大八年拔授五部新尚書諭旨	保大八年拔授五部新尚書諭旨	史部	域外·越南	域外		3065	
龍城琴者歌	龍城琴者歌	史部	域外·越南	域外		2921	
重修趙皇帝神祠碑銘并序	重修趙皇帝神祠碑銘并序	史部	域外·越南	域外	阮克忱	2694	
紹治元年三月二十二日硃批一道	紹治元年三月二十二日硃批一道	史部	域外·越南	域外		2005	
成泰十一年慈裕博惠康壽太太皇太后九旬大慶祝壽文	成泰十一年慈裕博惠康壽太太皇太后九旬大慶祝壽文	史部	域外·越南	域外		1999	
嶺南摭怪	嶺南摭怪	史部	域外·越南	域外		1947	
阻兵行	阻兵行	史部	域外·越南	域外	阮攸	1755	
保大五年中秋節和嗣德帝冥誕遣祭肅呈	保大五年中秋節和嗣德帝冥誕遣祭肅呈	史部	域外·越南	域外		1626	
保大九年冊立皇后上諭	保大九年冊立皇后上諭	史部	域外·越南	域外		1592	
保大二十年正月禮工部 第二十四號奏疏	保大二十年正月禮工部 第二十四號奏疏	史部	域外·越南	域外	武德揚	1477	
萬劫宗秘傳書序	萬劫宗秘傳書序	史部	域外·越南	域外	陳慶餘	1468	
成泰十八年九月二十六日硃批一道	成泰十八年九月二十六日硃批一道	史部	域外·越南	域外		1385	
明命二十一年六月二十三日上諭	明命二十一年六月二十三日上諭	史部	域外·越南	域外		1127	
太平賣歌者	太平賣歌者	史部	域外·越南	域外	阮攸	1017	
所見行	所見行	史部	域外·越南	域外	阮攸	1002	
明命五年十一月二十一日硃批一道	明命五年十一月二十一日硃批一道	史部	域外·越南	域外		900	
崑山歌	崑山歌	史部	域外·越南	域外	阮廌	891	
反招魂	反招魂	史部	域外·越南	域外	阮攸	705	
伐宋露布文	伐宋露布文	史部	域外·越南	域外	李常傑	663	
保大八年準許吏部吳大臣辭職諭旨	保大八年準許吏部吳大臣辭職諭旨	史部	域外·越南	域外		450	
鼎鍥大越歷朝登科錄	鼎鍥大越歷朝登科錄	史部	域外·越南	域外		438	
國朝科榜錄	國朝科榜錄	史部	域外·越南	域外		412	
讀小青記	讀小青記	史部	域外·越南	域外	阮攸		
琉球實錄	琉球實錄	史部	域外·琉球	域外		6003	
